,retention_time,ID,c_mean,n_mean,l_mean,ln_mean,z_mean,zn_mean,zl_mean,zln_mean,z_fvalue,l_fvalue,n_fvalue,zl_fvalue,zn_fvalue,ln_fvalue,zln_fvalue,z_fvalue,l_fvalue,n_fvalue,zl_fvalue,zn_fvalue,ln_fvalue,zln_fvalue,significant05?,significant01?,main_significant05?,main_significant01?
3,6.52,alanine,8.8,8.415,7.586,7.569,7.654,8.287,9.672,9.031,0.406057981,0.870269358,0.887549451,0.0256308,0.782930151,0.69004726,0.428409625,,,,0.0256308,,,,TRUE,FALSE,FALSE,FALSE
4,6.53,alanine,9.266,8.686,7.518,7.569,7.654,8.559,10.497,9.576,0.380615169,0.863181078,0.891426281,0.022014289,0.782177288,0.702402539,0.381976315,,,,0.022014289,,,,TRUE,FALSE,FALSE,FALSE
9,6.57,dimethyl alanine,8.732,8.287,7.518,7.569,7.654,8.138,9.477,8.855,0.416896065,0.885891681,0.810526918,0.019801166,0.816647316,0.772694836,0.382834899,,,,0.019801166,,,,TRUE,FALSE,FALSE,FALSE
12,6.59,,8.954,8.332,7.518,7.569,7.654,8.132,9.753,8.991,0.454119924,0.866043948,0.709121758,0.016137618,0.811757001,0.817918265,0.350204437,,,,0.016137618,,,,TRUE,FALSE,FALSE,FALSE
13,6.6,,7.989,7.854,7.518,7.569,7.654,7.692,8.319,7.94,0.527606695,0.995189724,0.598241408,0.027728404,0.784016788,0.779528075,0.397442356,,,,0.027728404,,,,TRUE,FALSE,FALSE,FALSE
14,6.6,,7.859,8.204,8.481,8.768,7.483,8.179,9.213,8.024,0.493882522,0.011793063,0.685674369,0.922436461,0.350573372,0.066517094,0.070049424,,0.011793063,,,,,,TRUE,FALSE,TRUE,FALSE
18,6.63,,7.957,8.226,7.518,7.569,7.654,7.758,7.569,7.398,0.09649123,0.007849805,0.566145044,0.300286557,0.511080254,0.392590294,0.920962164,,0.007849805,,,,,,TRUE,TRUE,TRUE,TRUE
20,6.65,acetic acid,7.948,8.003,7.81,7.656,8.072,8.042,7.66,7.398,0.750439243,0.026793395,0.618046419,0.377893155,0.790367356,0.527223735,0.974616982,,0.026793395,,,,,,TRUE,FALSE,TRUE,FALSE
26,6.69,acetic acid,7.459,7.858,7.656,8.24,7.483,7.841,7.72,8.117,0.992017056,0.073992521,0.016201164,0.901856205,0.753865327,0.737803822,0.833284181,,,0.016201164,,,,,TRUE,FALSE,TRUE,FALSE
40,6.8,acetic acid,8.917,7.94,8.175,8.516,7.88,8.348,9.007,8.082,0.557507325,0.6770812,0.303673678,0.385222088,0.664516022,0.949137472,0.012011296,,,,,,,0.012011296,TRUE,FALSE,FALSE,FALSE
43,6.82,acetic acid,7.739,7.772,7.62,7.569,7.483,7.684,7.569,8.382,0.438059058,0.359696508,0.149308409,0.044980921,0.125280629,0.4267176,0.263934984,,,,0.044980921,,,,TRUE,FALSE,FALSE,FALSE
44,6.83,acetic acid,7.812,8.383,7.696,7.759,7.685,8.062,7.641,8.468,0.684053151,0.770468588,0.019218662,0.113295766,0.524564809,0.886403556,0.208090705,,,0.019218662,,,,,TRUE,FALSE,TRUE,FALSE
45,6.84,acetic acid,8,8.015,7.591,7.587,7.722,7.833,8.325,7.983,0.506755549,0.756635616,0.836666404,0.036706287,0.785756791,0.529729866,0.543096938,,,,0.036706287,,,,TRUE,FALSE,FALSE,FALSE
52,6.89,,7.678,7.617,7.518,7.787,7.732,7.569,7.984,7.398,0.893285248,0.993608501,0.270323601,0.887892203,0.046098446,0.902499554,0.088489837,,,,,0.046098446,,,TRUE,FALSE,FALSE,FALSE
56,6.92,,7.892,8.4,8.014,8.914,7.7,8.288,7.569,8.176,0.140839471,0.454080825,0.006514677,0.319375077,0.839921938,0.634852703,0.680263683,,,0.006514677,,,,,TRUE,TRUE,TRUE,TRUE
69,7.04,carbamate,7.784,8.16,8.206,8.113,7.68,7.569,7.774,7.868,0.027389013,0.170365923,0.605554414,0.980704073,0.534236819,0.611486518,0.253716677,0.027389013,,,,,,,TRUE,FALSE,TRUE,FALSE
84,7.15,carbamate,7.792,7.569,7.518,7.569,7.788,7.622,7.833,7.398,0.807648041,0.122540181,0.039940715,0.93823564,0.293226575,0.922408809,0.133284431,,,0.039940715,,,,,TRUE,FALSE,TRUE,FALSE
87,7.19,carbamate,7.87,8.863,7.689,9.381,8.447,7.938,8.021,8.135,0.190712164,0.677213664,0.019207571,0.405727467,0.002273085,0.169646017,0.938218127,,,0.019207571,,0.002273085,,,TRUE,TRUE,TRUE,FALSE
102,7.31,pyridinol,7.923,7.816,7.666,8.017,8.07,7.773,7.569,8.346,0.516656275,0.781664868,0.398542485,0.699376496,0.815810147,0.028745084,0.356137944,,,,,,0.028745084,,TRUE,FALSE,FALSE,FALSE
104,7.32,pyridinol,7.89,7.793,7.62,7.682,7.62,7.569,7.9,7.896,0.835422854,0.713372716,0.839334663,0.049577773,0.980368954,0.666999617,0.820309864,,,,0.049577773,,,,TRUE,FALSE,FALSE,FALSE
106,7.34,pyridinol,8.542,8.401,7.948,8.278,8.299,8.289,8.9,9.668,0.127928328,0.277516198,0.496551269,0.022979496,0.664496408,0.309948187,0.799625048,,,,0.022979496,,,,TRUE,FALSE,FALSE,FALSE
107,7.35,pyridinol,8.363,8.154,7.518,7.569,7.654,7.863,8.917,8.23,0.595064573,0.948242179,0.668180203,0.020000096,0.871211665,0.639041736,0.349589069,,,,0.020000096,,,,TRUE,FALSE,FALSE,FALSE
111,7.38,pyridinol,9.82,9.66,9.143,10.017,8.549,9.322,10.307,9.932,0.443345884,0.116047758,0.332557365,0.041003452,0.933974998,0.999021681,0.079075786,,,,0.041003452,,,,TRUE,FALSE,FALSE,FALSE
123,7.49,lactic acid,7.529,7.948,8.075,8.071,7.62,7.569,7.744,8.031,0.235487468,0.007061833,0.170948652,0.894652491,0.597904838,0.79770348,0.119033465,,0.007061833,,,,,,TRUE,TRUE,TRUE,TRUE
137,7.7,lactic acid,13.202,13.751,13.925,14.253,14.135,13.696,13.737,13.024,0.680771859,0.857476175,0.893468458,0.026591328,0.072072535,0.654999467,0.961944147,,,,0.026591328,,,,TRUE,FALSE,FALSE,FALSE
156,8.01,glycolic acid,7.492,8.259,7.62,7.728,7.613,7.569,7.569,8.112,0.812148556,0.732675952,0.045566724,0.176106434,0.466048639,0.843259156,0.074439051,,,0.045566724,,,,,TRUE,FALSE,TRUE,FALSE
162,8.08,valine,7.459,8.358,7.62,7.87,7.787,7.758,7.569,7.91,0.767134406,0.700155959,0.020495649,0.722349295,0.148042568,0.604329404,0.116285963,,,0.020495649,,,,,TRUE,FALSE,TRUE,FALSE
165,8.14,valine,8.403,8.708,7.874,8.872,8.838,7.905,7.633,8.183,0.243705725,0.311357602,0.448345173,0.577383607,0.086959852,0.043908418,0.446006655,,,,,,0.043908418,,TRUE,FALSE,FALSE,FALSE
170,8.19,alanine,9.043,9.275,8.658,9.346,9.2,7.768,7.959,8.037,0.005164456,0.308849265,0.641479371,0.526008805,0.039337433,0.09912584,0.357827695,0.005164456,,,,0.039337433,,,TRUE,TRUE,TRUE,TRUE
176,8.26,alanine,7.755,7.64,7.518,7.569,7.654,7.656,7.569,7.398,0.467259194,0.045383302,0.504555146,0.851635064,0.835268752,0.972758846,0.317001163,,0.045383302,,,,,,TRUE,FALSE,TRUE,FALSE
191,8.4,alanine,7.605,7.569,7.518,7.84,7.86,7.896,7.569,7.398,0.625158927,0.208455049,0.730718199,0.024950604,0.413316046,0.684589129,0.213514152,,,,0.024950604,,,,TRUE,FALSE,FALSE,FALSE
198,8.48,alanine,7.922,7.72,7.62,8.328,7.672,7.483,8.108,8.245,0.726094673,0.016275776,0.546436548,0.165345976,0.406496961,0.047297394,0.34957589,,0.016275776,,,,0.047297394,,TRUE,FALSE,TRUE,FALSE
201,8.52,alanine,7.459,7.569,8.012,7.569,7.483,7.67,7.738,7.844,0.629918546,0.022857765,0.970461698,0.862594549,0.161102968,0.119967984,0.260596972,,0.022857765,,,,,,TRUE,FALSE,TRUE,FALSE
209,8.61,,9.083,9.317,8.999,9.22,8.904,9.162,9.453,9.528,0.498344643,0.150933255,0.111638567,0.041773175,0.840649502,0.714749412,0.74074563,,,,0.041773175,,,,TRUE,FALSE,FALSE,FALSE
217,8.74,urea,7.536,7.63,7.62,8.078,7.483,7.569,7.569,7.912,0.548294595,0.031681574,0.064390148,0.851482205,0.804411213,0.206208798,0.828919255,,0.031681574,,,,,,TRUE,FALSE,TRUE,FALSE
229,8.96,urea,8.368,8.123,7.981,7.903,7.654,8.128,8.323,8.58,0.801138239,0.544122421,0.615563242,0.021245375,0.154621613,0.967458738,0.613352107,,,,0.021245375,,,,TRUE,FALSE,FALSE,FALSE
252,9.29,leucine,7.678,7.569,8.23,7.569,7.654,7.569,7.933,7.398,0.292564748,0.293773812,0.009363536,0.329516468,0.749184579,0.042349704,0.83323513,,,0.009363536,,,0.042349704,,TRUE,TRUE,TRUE,TRUE
282,9.61,methyl phosphate,11.45,12.644,12.488,12.764,11.727,12.483,11.486,11.885,0.216809961,0.601667646,0.022667654,0.082300623,0.762162714,0.26815876,0.631227496,,,0.022667654,,,,,TRUE,FALSE,TRUE,FALSE
283,9.62,methyl phosphate,7.459,8.412,7.948,8.238,7.714,8.121,7.678,8.14,0.709876098,0.43353301,0.001527233,0.580380462,0.499118244,0.320571936,0.270764379,,,0.001527233,,,,,TRUE,TRUE,TRUE,TRUE
284,9.62,methyl phosphate,7.888,8.717,8.568,7.717,8.077,7.804,8.015,8.526,0.744133861,0.702487016,0.780324973,0.27552785,0.975369468,0.310540176,0.01806629,,,,,,,0.01806629,TRUE,FALSE,FALSE,FALSE
286,9.64,methyl phosphate,7.459,9.233,8.887,7.857,8.603,8.478,8.059,8.536,0.62089698,0.824730155,0.297474256,0.688627455,0.575030273,0.061598275,0.008957636,,,,,,,0.008957636,TRUE,TRUE,FALSE,FALSE
287,9.65,methyl phosphate,7.678,7.569,8.347,7.569,7.748,8.124,7.569,7.506,0.94625892,0.806566064,0.408622951,0.03680494,0.072874964,0.092629707,0.725311037,,,,0.03680494,,,,TRUE,FALSE,FALSE,FALSE
291,9.68,methyl phosphate,7.678,7.569,8.256,7.569,7.754,7.737,8.257,7.398,0.999347571,0.345664908,0.008003847,0.363352763,0.950704084,0.014782946,0.636144653,,,0.008003847,,,0.014782946,,TRUE,TRUE,TRUE,TRUE
318,9.96,oxalic acid,7.459,7.569,7.776,7.569,7.483,7.569,7.569,7.922,0.498319763,0.032170357,0.391048472,0.585018756,0.195366344,0.829538165,0.118053941,,0.032170357,,,,,,TRUE,FALSE,TRUE,FALSE
346,10.47,valine,7.459,7.569,7.62,7.569,7.483,7.569,7.569,7.998,0.198603842,0.041315957,0.141070662,0.229428806,0.261006283,0.660799262,0.164449852,,0.041315957,,,,,,TRUE,FALSE,TRUE,FALSE
348,10.48,valine,7.459,7.569,7.62,7.569,7.483,7.569,7.569,7.907,0.255463912,0.048215294,0.157404791,0.309989968,0.311140131,0.822100578,0.199200933,,0.048215294,,,,,,TRUE,FALSE,TRUE,FALSE
363,10.67,glycine,7.459,7.569,7.62,7.569,7.483,7.569,7.569,8.058,0.183515751,0.043269407,0.143483196,0.204460482,0.248964015,0.58799615,0.158677993,,0.043269407,,,,,,TRUE,FALSE,TRUE,FALSE
365,10.69,glycine,7.459,7.569,7.62,7.569,7.483,7.569,7.569,8.034,0.188115417,0.042073618,0.141677702,0.212609251,0.252393007,0.614234106,0.159903334,,0.042073618,,,,,,TRUE,FALSE,TRUE,FALSE
368,10.72,glycine,7.459,7.569,7.62,7.614,7.483,7.569,7.569,8.102,0.224373703,0.039108351,0.130762763,0.246342182,0.297435213,0.485685956,0.201043085,,0.039108351,,,,,,TRUE,FALSE,TRUE,FALSE
399,10.95,glycine,7.912,7.569,7.62,7.569,7.483,7.802,7.569,8.832,0.243743072,0.303506427,0.300105291,0.078220836,0.048939881,0.206315239,0.49090888,,,,,0.048939881,,,TRUE,FALSE,FALSE,FALSE
402,10.97,,8.275,7.569,7.518,7.569,7.654,7.569,8.789,8.854,0.297317767,0.335094779,0.619659925,0.03941034,0.657396188,0.54358016,0.694657242,,,,0.03941034,,,,TRUE,FALSE,FALSE,FALSE
408,11.02,phosphate,7.459,7.648,7.62,7.569,7.483,7.569,7.569,9.311,0.087069364,0.042388474,0.10089918,0.052900979,0.161119491,0.2136772,0.077186772,,0.042388474,,,,,,TRUE,FALSE,TRUE,FALSE
409,11.03,phosphate,7.92,7.569,7.62,7.569,7.483,7.569,8.384,8.917,0.208029857,0.117443027,0.924251176,0.029849162,0.408866308,0.539800816,0.902115121,,,,0.029849162,,,,TRUE,FALSE,FALSE,FALSE
416,11.08,phosphate,9.38,9.487,8.333,8.571,8.534,8.657,8.611,9.575,0.744868801,0.555100739,0.38026575,0.042771368,0.659879492,0.535377212,0.637836949,,,,0.042771368,,,,TRUE,FALSE,FALSE,FALSE
424,11.14,phosphate,8.335,7.569,8.498,7.569,8.522,7.569,9.091,7.398,0.871884335,0.96579934,0.025789596,0.96710622,0.629659395,0.634393257,0.753312791,,,0.025789596,,,,,TRUE,FALSE,TRUE,FALSE
431,11.19,phosphate,9.642,11.377,13.376,12.376,11.096,11.193,14.995,8.933,0.776272144,0.200696407,0.33646182,0.304462652,0.141201541,0.043470572,0.417746628,,,,,,0.043470572,,TRUE,FALSE,FALSE,FALSE
434,11.22,phosphate,7.839,9.702,8.615,8.909,7.966,8.765,9.719,8.618,0.886672603,0.327137841,0.128579442,0.421544611,0.120666089,0.02734628,0.827561474,,,,,,0.02734628,,TRUE,FALSE,FALSE,FALSE
435,11.22,phosphate,9.037,11.595,8.368,10.637,9.306,9.908,11.498,9.09,0.856517284,0.880347098,0.195111844,0.462041969,0.030657337,0.270912455,0.342457398,,,,,0.030657337,,,TRUE,FALSE,FALSE,FALSE
457,11.39,phosphate,8.967,7.569,7.518,8.829,8.334,8.807,8.55,7.651,0.936071663,0.474758484,0.732709034,0.593787973,0.98061851,0.381944702,0.025405671,,,,,,,0.025405671,TRUE,FALSE,FALSE,FALSE
462,11.43,phosphate,8.736,9.578,7.62,8.925,7.483,9.686,10.907,8.642,0.615826488,0.929159946,0.210093018,0.101085047,0.426352116,0.080707017,0.023704067,,,,,,,0.023704067,TRUE,FALSE,FALSE,FALSE
469,11.48,phosphate/urea,9.432,7.743,8.837,7.569,7.483,8.58,8.366,10.601,0.567438285,0.414440457,0.982922091,0.101454737,0.022588321,0.56423866,0.785505692,,,,,0.022588321,,,TRUE,FALSE,FALSE,FALSE
472,11.51,phosphate/urea,7.744,7.569,7.518,10.6,8.472,9.087,9.816,7.398,0.615650256,0.182404854,0.458090062,0.034136902,0.027282833,0.760086093,0.001177006,,,,0.034136902,0.027282833,,0.001177006,TRUE,TRUE,FALSE,FALSE
479,11.56,phosphate/urea,9.008,9.24,8.003,8.345,8.795,7.916,7.569,7.859,0.085750443,0.032269811,0.951100258,0.656452278,0.365464393,0.390056398,0.456074278,,0.032269811,,,,,,TRUE,FALSE,TRUE,FALSE
482,11.58,phosphate/urea,8.664,7.569,8.198,8.721,7.654,8.608,8.454,7.398,0.419053522,0.956161733,0.685672829,0.422308162,0.599036335,0.897667925,0.026534537,,,,,,,0.026534537,TRUE,FALSE,FALSE,FALSE
485,11.6,phosphate/urea,7.459,7.569,7.833,9.725,7.645,7.569,8.284,8.833,0.890467876,0.017872762,0.235626838,0.71162413,0.45701272,0.209622851,0.553704273,,0.017872762,,,,,,TRUE,FALSE,TRUE,FALSE
487,11.62,phosphate/urea,8.121,10.578,7.62,7.569,7.483,8.944,7.569,8.401,0.445753625,0.043663583,0.008328098,0.104356325,0.888074973,0.082147911,0.306473568,,0.043663583,0.008328098,,,,,TRUE,TRUE,TRUE,TRUE
490,11.64,phosphate/urea,7.774,11.888,7.62,8.634,8.637,8.567,7.694,8.727,0.4475208,0.178706179,0.021252322,0.383512767,0.09988716,0.418370085,0.129443199,,,0.021252322,,,,,TRUE,FALSE,TRUE,FALSE
491,11.65,phosphate/urea,8.927,10.048,7.62,8.816,7.483,8.108,7.569,7.739,0.006227539,0.105095103,0.05255087,0.209428517,0.372272248,0.830448736,0.747205568,0.006227539,,,,,,,TRUE,TRUE,TRUE,TRUE
493,11.66,phosphate/urea,7.459,10.77,7.62,9.162,8.201,8.287,7.569,7.739,0.1191933,0.260124989,0.007039844,0.943303576,0.018158934,0.363112527,0.344531914,,,0.007039844,,0.018158934,,,TRUE,TRUE,TRUE,TRUE
495,11.68,phosphate/urea,8.965,10.494,7.518,8.386,9.377,8.351,7.569,8.13,0.369460788,0.014618949,0.35109168,0.499017526,0.147740832,0.701560014,0.292096249,,0.014618949,,,,,,TRUE,FALSE,TRUE,FALSE
500,11.72,phosphate/urea,7.459,8.233,8.54,9.873,8.153,9.187,7.569,7.739,0.606105529,0.588001186,0.110180733,0.021260235,0.713679429,0.911571729,0.495047574,,,,0.021260235,,,,TRUE,FALSE,FALSE,FALSE
501,11.73,phosphate/urea,7.678,7.943,8.94,8.613,8.161,8.693,7.569,7.398,0.48342263,0.9047179,0.793809887,0.010206684,0.753786193,0.373963746,0.93909874,,,,0.010206684,,,,TRUE,FALSE,FALSE,FALSE
504,11.75,phosphate/threonine,7.983,8.072,9.739,8.88,9.347,9.166,8.085,8.788,0.506462413,0.545262678,0.855148434,0.04431583,0.566232004,0.933928159,0.349163444,,,,0.04431583,,,,TRUE,FALSE,FALSE,FALSE
508,11.78,phosphate/threonine,7.755,8.562,7.831,7.569,9.832,7.569,10.954,7.955,0.09274646,0.983104599,0.071293966,0.430093025,0.015330782,0.432954777,0.885834613,,,,,0.015330782,,,TRUE,FALSE,FALSE,FALSE
510,11.79,phosphate/threonine,8.828,8.556,8.148,7.846,9.365,9.078,12.425,9.937,0.01570748,0.497233525,0.258448532,0.0661485,0.45380048,0.419851069,0.408879779,0.01570748,,,,,,,TRUE,FALSE,TRUE,FALSE
513,11.82,phosphate/threonine,7.717,9.582,7.816,9.583,7.599,8.698,7.569,7.739,0.161352521,0.814500909,0.018668302,0.504435987,0.283283207,0.640248503,0.693970145,,,0.018668302,,,,,TRUE,FALSE,TRUE,FALSE
516,11.84,phosphate/threonine/glycine,7.459,7.932,8.012,8.95,8.48,8.448,7.569,7.739,0.916373096,0.862645185,0.298576249,0.028306022,0.391259935,0.6423074,0.857299136,,,,0.028306022,,,,TRUE,FALSE,FALSE,FALSE
517,11.85,phosphate/threonine/glycine,7.459,8.883,9.24,8.847,7.483,7.738,7.569,7.895,0.029432754,0.155113391,0.248267347,0.319606117,0.688738498,0.233499821,0.223011883,0.029432754,,,,,,,TRUE,FALSE,TRUE,FALSE
520,11.87,phosphate/threonine/glycine,7.698,10.02,8.011,10.282,9.794,8.708,8.012,8.065,0.662804615,0.621649549,0.168309912,0.202831056,0.035075346,0.699715554,0.655954137,,,,,0.035075346,,,TRUE,FALSE,FALSE,FALSE
532,11.96,threonine,8.42,7.569,8.369,7.569,7.977,7.569,7.569,7.398,0.119959384,0.380579269,0.012630758,0.648832247,0.243005694,0.75517659,0.833997196,,,0.012630758,,,,,TRUE,FALSE,TRUE,FALSE
533,11.97,threonine,8.071,7.569,8.212,7.569,7.769,7.569,7.569,7.398,0.07093103,0.565284695,0.012339355,0.463344408,0.205695756,0.840928692,0.774646465,,,0.012339355,,,,,TRUE,FALSE,TRUE,FALSE
537,12,threonine,8.383,7.668,8.838,7.678,7.779,7.693,8.083,7.662,0.145348391,0.593513287,0.014776105,0.917133129,0.150309215,0.406358548,0.90608949,,,0.014776105,,,,,TRUE,FALSE,TRUE,FALSE
539,12.01,urea,8.419,7.569,8.162,7.569,8.019,7.569,7.658,7.526,0.291311447,0.385311873,0.025993836,0.968065035,0.361817518,0.538477138,0.946784567,,,0.025993836,,,,,TRUE,FALSE,TRUE,FALSE
540,12.02,urea,7.754,7.692,7.62,8.227,8.893,8.773,9.897,8.834,0.012981595,0.489934547,0.783575785,0.826934795,0.402318789,0.918872388,0.391107111,0.012981595,,,,,,,TRUE,FALSE,TRUE,FALSE
546,12.07,glycine,8.858,7.569,9.325,7.722,7.654,7.569,7.732,7.448,0.032004392,0.829301184,0.019803138,0.745573334,0.074926647,0.708803772,0.934724377,0.032004392,,0.019803138,,,,,TRUE,FALSE,TRUE,FALSE
547,12.07,glycine,8.588,7.569,8.938,7.569,7.654,7.569,7.569,7.398,0.030246447,0.909588862,0.016595924,0.703408432,0.058545551,0.682289009,0.809328529,0.030246447,,0.016595924,,,,,TRUE,FALSE,TRUE,FALSE
590,12.42,glyceric acid,7.459,7.632,8.125,8.276,9.145,7.624,7.569,7.754,0.511629562,0.971655244,0.40034004,0.045882503,0.171772848,0.239522932,0.2039288,,,,0.045882503,,,,TRUE,FALSE,FALSE,FALSE
613,12.7,fumerate,7.594,8.207,7.773,7.828,7.643,8.058,7.569,7.739,0.623563642,0.414415256,0.034025289,0.714422403,0.866507813,0.185923146,0.609878101,,,0.034025289,,,,,TRUE,FALSE,TRUE,FALSE
647,13.1,threonine,7.459,8.052,7.968,7.988,7.671,8.259,7.569,7.92,0.857704022,0.837621462,0.045741418,0.265010437,0.698432912,0.29648152,0.669999631,,,0.045741418,,,,,TRUE,FALSE,TRUE,FALSE
649,13.13,threonine,7.459,7.572,7.62,7.569,7.949,7.742,7.745,8.151,0.020986258,0.468152013,0.736888169,0.839117416,0.926843649,0.505724029,0.210325972,0.020986258,,,,,,,TRUE,FALSE,TRUE,FALSE
652,13.18,threonine,7.459,7.776,7.62,8.013,7.932,8.497,7.569,7.739,0.169360723,0.450635173,0.054045054,0.041217219,0.918443843,0.693869701,0.528866456,,,,0.041217219,,,,TRUE,FALSE,FALSE,FALSE
690,13.74,methionine,7.803,7.569,7.757,7.82,8.102,8.073,7.582,7.398,0.691171877,0.164992883,0.562676794,0.04645829,0.998493029,0.812955204,0.51955515,,,,0.04645829,,,,TRUE,FALSE,FALSE,FALSE
700,13.84,methionine,7.72,8.016,7.518,9.555,8.215,8.845,9.357,8.472,0.255562031,0.175344674,0.171498447,0.542905567,0.159272722,0.805004451,0.047857726,,,,,,,0.047857726,TRUE,FALSE,FALSE,FALSE
711,14,beta-alanine,7.678,8.521,7.834,7.569,8.86,7.569,7.569,7.918,0.685670024,0.184345603,0.76343162,0.925814297,0.144335037,0.748914954,0.028980951,,,,,,,0.028980951,TRUE,FALSE,FALSE,FALSE
719,14.12,beta-alanine,8.799,7.953,8.167,8.07,7.654,7.569,7.569,7.398,0.035798471,0.510348508,0.344825974,0.818730624,0.575877929,0.604842829,0.542176788,0.035798471,,,,,,,TRUE,FALSE,TRUE,FALSE
741,14.5,aminomalonic acid,7.782,8.14,8.897,7.65,7.579,7.569,7.569,8.409,0.320970858,0.166752301,0.936191942,0.673139415,0.17656052,0.421685735,0.029595725,,,,,,,0.029595725,TRUE,FALSE,FALSE,FALSE
747,14.59,aminomalonic acid,7.588,7.569,7.62,8.054,8.725,7.974,8.158,8.076,0.014297614,0.88708606,0.571472618,0.223520788,0.132918695,0.193566266,0.798660435,0.014297614,,,,,,,TRUE,FALSE,TRUE,FALSE
756,14.75,malic acid,7.678,7.569,7.518,7.569,7.852,7.825,7.569,7.398,0.425285968,0.031596675,0.527516891,0.152742108,0.783884792,0.934037605,0.4513147,,0.031596675,,,,,,TRUE,FALSE,TRUE,FALSE
784,15.19,pyroglutamic acid,7.459,7.569,7.62,7.726,7.483,7.569,7.748,7.926,0.346215756,0.012650482,0.218467245,0.400525429,0.921863093,0.824036799,0.799875537,,0.012650482,,,,,,TRUE,FALSE,TRUE,FALSE
798,15.4,pyroglutamic acid,7.678,7.569,7.518,7.569,7.817,7.648,7.569,7.398,0.787407731,0.039755228,0.21793,0.261439275,0.409440786,0.605008337,0.618551937,,0.039755228,,,,,,TRUE,FALSE,TRUE,FALSE
807,15.5,pyroglutamic acid,7.459,7.844,7.62,8.165,8.088,8.486,7.569,8.129,0.095169241,0.860020446,0.029963358,0.109183312,0.976497375,0.696537506,0.998297477,,,0.029963358,,,,,TRUE,FALSE,TRUE,FALSE
822,15.63,pyroglutamic acid,8.032,7.654,7.518,8.495,7.654,8.474,8.467,8.111,0.431062417,0.460102986,0.303139239,0.986599624,0.916366537,0.765508177,0.019265775,,,,,,,0.019265775,TRUE,FALSE,FALSE,FALSE
830,15.69,glutamic acid,7.459,7.569,7.62,7.897,7.908,7.867,8.246,8.296,0.029238456,0.102664418,0.614016122,0.747076707,0.631942386,0.736576461,0.921796881,0.029238456,,,,,,,TRUE,FALSE,TRUE,FALSE
836,15.75,glutamic acid,7.459,7.902,7.62,7.569,7.483,7.72,7.569,7.739,0.980755659,0.964151393,0.035657135,0.485034818,0.960074533,0.146181995,0.282932125,,,0.035657135,,,,,TRUE,FALSE,TRUE,FALSE
838,15.76,glutamic acid,7.939,7.968,7.518,7.569,7.705,7.569,7.569,7.398,0.136784071,0.037372192,0.713694685,0.389475937,0.489909539,0.986760387,0.919499086,,0.037372192,,,,,,TRUE,FALSE,TRUE,FALSE
850,15.87,phenylalanine,8.146,7.933,7.518,7.659,7.805,7.569,7.569,7.398,0.115033527,0.036241739,0.43651422,0.461139137,0.623797964,0.496754548,0.653455282,,0.036241739,,,,,,TRUE,FALSE,TRUE,FALSE
870,16.06,phenylalanine,7.459,8.26,7.62,7.569,7.755,7.569,7.569,8.087,0.821593002,0.914348776,0.131282395,0.218004806,0.436159671,0.75482873,0.038173321,,,,,,,0.038173321,TRUE,FALSE,FALSE,FALSE
892,16.29,phenylalanine,7.475,8.246,7.62,7.758,7.65,7.569,7.569,8.05,0.74466098,0.739591868,0.024639361,0.192361905,0.281694761,0.817983753,0.044450098,,,0.024639361,,,,0.044450098,TRUE,FALSE,TRUE,FALSE
920,16.76,glutamine,7.459,7.64,7.836,7.808,7.483,7.646,7.788,7.948,0.732418118,0.013821894,0.300066867,0.865371862,0.744594002,0.634941314,0.65870387,,0.013821894,,,,,,TRUE,FALSE,TRUE,FALSE
944,17.19,gluconic acid,8.441,7.569,7.904,8.425,8.299,7.816,8.145,8.297,0.900452379,0.516141985,0.388903363,0.948847694,0.946771486,0.046749839,0.456530921,,,,,,0.046749839,,TRUE,FALSE,FALSE,FALSE
954,17.34,gluconic acid,7.459,8.692,8.954,7.569,7.82,8.378,8.089,8.125,0.99330745,0.679461027,0.450912672,0.722481863,0.524223035,0.000984526,0.026978079,,,,,,0.000984526,0.026978079,TRUE,TRUE,FALSE,FALSE
969,17.54,arabinose,7.511,8.525,7.733,7.824,7.774,7.569,7.723,7.739,0.271504895,0.66983207,0.136491293,0.463539414,0.048479318,0.276206404,0.104894023,,,,,0.048479318,,,TRUE,FALSE,FALSE,FALSE
974,17.62,xylose/arabinose,7.678,7.569,7.518,7.569,7.82,7.637,7.569,7.398,0.808326337,0.041979383,0.202142334,0.272163485,0.383383264,0.57723212,0.64907842,,0.041979383,,,,,,TRUE,FALSE,TRUE,FALSE
981,17.71,xylose/arabinose,7.75,7.831,7.576,7.569,7.755,8.02,7.62,7.398,0.885311063,0.012726711,0.708463349,0.430156138,0.971940557,0.244531792,0.400891082,,0.012726711,,,,,,TRUE,FALSE,TRUE,FALSE
990,17.8,xylose/arabinose,7.871,7.688,8.236,9.524,7.963,8.09,8.214,8.631,0.803547851,0.028670901,0.299481552,0.318563657,0.74467337,0.211813541,0.416071008,,0.028670901,,,,,,TRUE,FALSE,TRUE,FALSE
996,17.85,xylose/arabinose,7.639,7.569,7.742,8.352,7.692,7.84,8.098,8.318,0.400150414,0.015540675,0.257763239,0.98354869,0.868041318,0.296928965,0.418027563,,0.015540675,,,,,,TRUE,FALSE,TRUE,FALSE
1007,17.96,arabinose,7.901,7.715,7.518,7.569,7.857,7.569,7.569,7.398,0.470328632,0.044674951,0.229149813,0.918588866,0.528818236,0.476300818,0.815597313,,0.044674951,,,,,,TRUE,FALSE,TRUE,FALSE
1011,17.99,inosose,8.066,7.584,7.518,7.608,7.941,7.569,7.569,7.398,0.484465334,0.039182535,0.066785333,0.976714108,0.815736456,0.143854503,0.490257424,,0.039182535,,,,,,TRUE,FALSE,TRUE,FALSE
1039,18.34,inosose,7.522,8.141,7.62,7.569,7.483,7.569,8.117,8.741,0.217776941,0.097052541,0.123986552,0.006748973,0.976207115,0.815815534,0.151550318,,,,0.006748973,,,,TRUE,TRUE,FALSE,FALSE
1043,18.41,inosose,7.74,8.248,8.248,7.607,7.925,8.153,8.063,7.815,0.831256288,0.620037598,0.992523038,0.903022875,0.931904197,0.045733864,0.408452717,,,,,,0.045733864,,TRUE,FALSE,FALSE,FALSE
1051,18.5,putrescine,7.886,7.569,7.62,7.762,7.483,7.709,7.819,8.741,0.210412274,0.060237136,0.271202978,0.029691094,0.083889247,0.123481377,0.747394945,,,,0.029691094,,,,TRUE,FALSE,FALSE,FALSE
1052,18.52,putrescine,7.53,7.569,7.62,7.704,7.483,7.569,7.569,7.988,0.520614257,0.029943584,0.119744763,0.336751927,0.337677795,0.318248806,0.429436395,,0.029943584,,,,,,TRUE,FALSE,TRUE,FALSE
1054,18.55,putrescine,7.67,8.664,9.12,7.754,7.534,7.69,7.569,8.248,0.071363605,0.235548811,0.58160257,0.81912726,0.351498519,0.056679939,0.007025692,,,,,,,0.007025692,TRUE,TRUE,FALSE,FALSE
1080,18.81,ornithine,7.942,8.014,7.518,7.569,7.712,7.569,7.569,7.398,0.131916332,0.035680154,0.778055815,0.370370388,0.446514191,0.934240124,0.991958865,,0.035680154,,,,,,TRUE,FALSE,TRUE,FALSE
1082,18.83,ornithine,7.783,8.741,8.041,8.41,8.136,8.031,7.842,8.378,0.593202957,0.823529924,0.040388108,0.89448668,0.2349401,0.988672734,0.154470386,,,0.040388108,,,,,TRUE,FALSE,TRUE,FALSE
1104,19.02,ornithine,7.79,7.776,7.62,9.481,7.483,9.465,9.573,8.629,0.195774688,0.098671186,0.072317006,0.690692207,0.844685136,0.632983444,0.006477657,,,,,,,0.006477657,TRUE,TRUE,FALSE,FALSE
1108,19.05,glycerophosphoric acid,7.678,7.569,7.518,7.874,7.654,7.971,8.355,7.579,0.30418438,0.645360973,0.88343534,0.984627777,0.441201898,0.441632654,0.032800318,,,,,,,0.032800318,TRUE,FALSE,FALSE,FALSE
1110,19.06,glycerophosphoric acid,8.029,9.351,8.621,10.123,8.63,11.002,9.416,9.234,0.361002221,0.781880672,0.042512389,0.295543683,0.894846085,0.382981132,0.286576267,,,0.042512389,,,,,TRUE,FALSE,TRUE,FALSE
1111,19.07,glycerophosphoric acid,7.685,7.71,7.518,7.695,7.789,8.791,8.006,7.909,0.013703875,0.26920757,0.121634873,0.477114728,0.265340973,0.242847704,0.10108735,0.013703875,,,,,,,TRUE,FALSE,TRUE,FALSE
1129,19.24,glycerophosphoric acid,7.459,8.489,7.62,7.663,7.906,7.569,7.569,8.168,0.920731053,0.796522995,0.150655625,0.31311571,0.293560272,0.874471445,0.04784364,,,,,,,0.04784364,TRUE,FALSE,FALSE,FALSE
1130,19.25,glycerophosphoric acid,7.459,9.033,8.237,7.626,8.281,7.697,7.763,8.243,0.911698505,0.738611088,0.481886979,0.630416834,0.335885864,0.36656157,0.027045022,,,,,,,0.027045022,TRUE,FALSE,FALSE,FALSE
1134,19.28,glycerophosphoric acid,8.389,7.917,8.215,8.202,7.654,7.624,7.832,7.398,0.049715243,0.964251532,0.414099551,0.862721729,0.927447192,0.93153923,0.4601212,0.049715243,,,,,,,TRUE,FALSE,TRUE,FALSE
1139,19.31,glycerophosphoric acid,9.56,8.417,9.278,9.471,7.922,7.972,8.571,8.082,0.036523152,0.50514964,0.472646895,0.989474394,0.738888036,0.663948247,0.365359187,0.036523152,,,,,,,TRUE,FALSE,TRUE,FALSE
1151,19.43,glycerophosphoric acid,7.98,8.796,9.665,7.569,8.791,8.139,7.92,9.031,0.842064119,0.744337513,0.638038582,0.964010525,0.466368602,0.436411877,0.011976645,,,,,,,0.011976645,TRUE,FALSE,FALSE,FALSE
1152,19.44,glycerophosphoric acid,7.459,8.437,8.737,7.569,7.524,7.839,7.569,8.19,0.43424756,0.37835511,0.402884365,0.894080103,0.369815929,0.058715239,0.020040821,,,,,,,0.020040821,TRUE,FALSE,FALSE,FALSE
1169,19.56,,7.862,8.19,8.174,8.483,7.883,9.352,7.714,8.166,0.549823758,0.639080183,0.024442988,0.086041238,0.214506035,0.380974698,0.374091468,,,0.024442988,,,,,TRUE,FALSE,TRUE,FALSE
1180,19.66,,7.678,7.569,8.052,7.627,7.841,7.751,7.569,7.398,0.566470063,0.639701994,0.115244272,0.038485602,0.600038642,0.40702146,0.631403262,,,,0.038485602,,,,TRUE,FALSE,FALSE,FALSE
1199,19.8,,9.06,7.753,7.62,7.93,8.228,7.652,7.569,8.697,0.854655532,0.606744756,0.599019905,0.218822086,0.345439265,0.041541067,0.956321439,,,,,,0.041541067,,TRUE,FALSE,FALSE,FALSE
1213,19.91,ribitol,9.395,8.277,7.776,7.849,7.92,7.569,8.789,8.468,0.476684448,0.685323781,0.219693355,0.011736492,0.74853688,0.385985909,0.432482983,,,,0.011736492,,,,TRUE,FALSE,FALSE,FALSE
1214,19.91,ribitol,7.822,9.189,7.903,8.411,8.346,7.892,9.443,8.265,0.854437121,0.698902541,0.711644872,0.263404784,0.03172882,0.318743081,0.932139598,,,,,0.03172882,,,TRUE,FALSE,FALSE,FALSE
1229,20.03,lysine,8.79,7.569,7.62,7.69,7.684,8.32,7.831,9.479,0.336510576,0.823835048,0.652983239,0.108220924,0.048937501,0.178890659,0.869781888,,,,,0.048937501,,,TRUE,FALSE,FALSE,FALSE
1240,20.11,lysine,8.43,9.029,8.494,8.531,9.311,8.486,11.026,7.739,0.489885563,0.95818152,0.15618017,0.723954177,0.031516386,0.158368528,0.356298388,,,,,0.031516386,,,TRUE,FALSE,FALSE,FALSE
1247,20.16,lysine,8.445,7.569,8.117,7.569,7.483,7.569,7.569,8.323,0.48694681,0.655164306,0.469089231,0.185980222,0.045779133,0.36885021,0.753675843,,,,,0.045779133,,,TRUE,FALSE,FALSE,FALSE
1257,20.24,lysine,7.678,7.788,8.677,7.649,7.718,7.886,7.569,10.177,0.251063522,0.059251209,0.37996421,0.284077185,0.062120375,0.524011725,0.046606568,,,,,,,0.046606568,TRUE,FALSE,FALSE,FALSE
1263,20.29,lysine,7.459,9.572,8.117,8.817,9.868,9.128,10.367,8.982,0.082625979,0.930196637,0.63859598,0.979222997,0.042455023,0.384476961,0.749269752,,,,,0.042455023,,,TRUE,FALSE,FALSE,FALSE
1264,20.29,lysine,7.678,7.725,8.557,7.569,9.486,7.671,8.063,7.846,0.213125076,0.684460428,0.037280335,0.179771416,0.338474353,0.762735502,0.068497538,,,0.037280335,,,,,TRUE,FALSE,TRUE,FALSE
1266,20.31,lysine,7.678,8.051,7.604,7.569,8.379,7.75,8.147,9.331,0.028307187,0.437599822,0.548481873,0.093509797,0.988641484,0.302684892,0.080448894,0.028307187,,,,,,,TRUE,FALSE,TRUE,FALSE
1268,20.32,lysine,7.459,7.569,7.62,7.569,8.45,7.569,8.085,8.742,0.019626466,0.341916043,0.79404627,0.488722546,0.678547241,0.25659027,0.138053562,0.019626466,,,,,,,TRUE,FALSE,TRUE,FALSE
1282,20.43,lysine,7.947,7.569,7.518,7.569,7.893,7.693,7.569,7.398,0.828635717,0.016278469,0.100004664,0.660700159,0.981724123,0.282385241,0.369974028,,0.016278469,,,,,,TRUE,FALSE,TRUE,FALSE
1298,20.55,galactose,8.263,7.625,7.518,7.665,8.153,7.978,7.737,7.398,0.903175781,0.034877129,0.204753329,0.705297495,0.941382442,0.421295371,0.257792018,,0.034877129,,,,,,TRUE,FALSE,TRUE,FALSE
1303,20.59,galactose,7.459,8.58,9.789,9.054,8.127,9.395,7.569,7.739,0.529574004,0.704996935,0.380432774,0.032800059,0.656621408,0.197195397,0.742136601,,,,0.032800059,,,,TRUE,FALSE,FALSE,FALSE
1304,20.6,galactose,7.549,7.569,10.05,8.617,8.347,7.569,7.569,7.739,0.281534993,0.118003603,0.282407954,0.042132714,0.762394635,0.743121575,0.21532205,,,,0.042132714,,,,TRUE,FALSE,FALSE,FALSE
1305,20.6,galactose,7.459,7.569,9.332,8.316,8.679,8.287,7.569,7.739,0.955062497,0.499929685,0.478566921,0.01396536,0.745930733,0.690510109,0.305160372,,,,0.01396536,,,,TRUE,FALSE,FALSE,FALSE
1315,20.68,galactose,8.629,7.573,9.696,7.569,8.589,7.569,9.017,7.398,0.614313273,0.711852353,0.008290423,0.694701868,0.80066368,0.415064932,0.819578669,,,0.008290423,,,,,TRUE,TRUE,TRUE,TRUE
1321,20.73,galactose,8.504,8.161,7.62,11.183,9.497,11.031,11.179,8.866,0.210607674,0.652034277,0.464521094,0.352065337,0.376081895,0.899984254,0.039584338,,,,,,,0.039584338,TRUE,FALSE,FALSE,FALSE
1325,20.76,galactose,8.844,7.569,8.555,10.215,8.542,9.838,8.93,7.739,0.922022219,0.792615438,0.849902852,0.084681234,0.921576826,0.770392328,0.035277048,,,,,,,0.035277048,TRUE,FALSE,FALSE,FALSE
1328,20.78,galactose,7.459,7.569,8.047,11.166,7.483,8.296,7.569,8.944,0.465549135,0.01743988,0.030433424,0.130456426,0.711397403,0.113740738,0.291788553,,0.01743988,0.030433424,,,,,TRUE,FALSE,TRUE,FALSE
1329,20.79,galactose,8.447,7.569,7.518,10.45,7.961,8.768,9.087,8.383,0.956709424,0.261953566,0.411482186,0.531217912,0.559969241,0.308712905,0.039697883,,,,,,,0.039697883,TRUE,FALSE,FALSE,FALSE
1330,20.79,galactose,7.678,7.569,7.518,9.089,7.654,8.314,8.78,7.79,0.79117426,0.228547771,0.442755374,0.493982208,0.364210079,0.899582503,0.044719176,,,,,,,0.044719176,TRUE,FALSE,FALSE,FALSE
1331,20.8,galactose,8.199,7.569,7.62,9.014,7.874,7.794,7.569,9.298,0.890598738,0.171451224,0.264995385,0.742843236,0.632381232,0.037091313,0.905393165,,,,,,0.037091313,,TRUE,FALSE,FALSE,FALSE
1332,20.81,galactose,9.004,7.908,7.518,10.224,7.654,7.864,7.569,8.357,0.099544329,0.433888701,0.269125133,0.82483287,0.859971927,0.029156934,0.116601066,,,,,,0.029156934,,TRUE,FALSE,FALSE,FALSE
1333,20.82,galactose,8.253,7.569,7.518,10.197,7.949,8.347,7.569,8.23,0.423155788,0.298563195,0.121170514,0.162302726,0.697383006,0.036270557,0.084057007,,,,,,0.036270557,,TRUE,FALSE,FALSE,FALSE
1337,20.85,galactose,8.83,7.569,8.598,11.375,8.093,9.29,8.848,9.875,0.921186077,0.032094057,0.174668565,0.366280862,0.661793485,0.10108519,0.092045857,,0.032094057,,,,,,TRUE,FALSE,TRUE,FALSE
1340,20.87,galactose,9.805,8.586,7.518,7.569,8.594,9.542,9.015,7.398,0.832050168,0.041189859,0.520571588,0.604255998,0.734593993,0.678028401,0.152153613,,0.041189859,,,,,,TRUE,FALSE,TRUE,FALSE
1354,20.98,glucose,7.459,7.569,9.629,11.175,7.483,7.569,7.569,8.127,0.026049745,0.001553707,0.301059377,0.014653733,0.645545463,0.343076661,0.640190544,0.026049745,0.001553707,,0.014653733,,,,TRUE,TRUE,TRUE,TRUE
1357,21,glucose,7.459,10.406,10.208,11.107,8.347,8.359,7.569,7.739,0.011301525,0.295065479,0.088001227,0.043528186,0.127767434,0.425077427,0.380537794,0.011301525,,,0.043528186,,,,TRUE,FALSE,TRUE,FALSE
1359,21.01,glucose,8.351,7.569,8.781,10.67,8.435,7.569,7.569,7.398,0.018688829,0.118582817,0.921222845,0.010195356,0.260915225,0.055166754,0.267738832,0.018688829,,,0.010195356,,,,TRUE,FALSE,TRUE,FALSE
1360,21.02,glucose,7.678,7.569,8.521,9.924,7.654,7.569,7.569,7.398,0.030566042,0.040701776,0.528357843,0.021368111,0.355818334,0.325441362,0.299156479,0.030566042,0.040701776,,0.021368111,,,,TRUE,FALSE,TRUE,FALSE
1362,21.04,glucose,8.237,8.751,8.384,8.486,7.654,7.569,7.569,7.398,0.017567014,0.814177531,0.764057958,0.880401153,0.548346391,0.730751895,0.826769163,0.017567014,,,,,,,TRUE,FALSE,TRUE,FALSE
1368,21.08,glucose,8.45,10.96,9.055,7.829,8.723,9.851,10.837,7.739,0.907811762,0.358214016,0.937700795,0.592839516,0.366527688,0.02513602,0.886134963,,,,,,0.02513602,,TRUE,FALSE,FALSE,FALSE
1371,21.1,glucose,8.013,9.068,7.518,7.569,8.137,7.977,8.193,7.398,0.528192967,0.012508366,0.68161472,0.232875319,0.047149359,0.110902647,0.71836036,,0.012508366,,,0.047149359,,,TRUE,FALSE,TRUE,FALSE
1373,21.12,glucose,7.678,7.569,8.392,9.5,7.654,8.432,9.022,9.093,0.659142727,0.041034952,0.430894202,0.757149131,0.988924954,0.791633188,0.406882285,,0.041034952,,,,,,TRUE,FALSE,TRUE,FALSE
1377,21.15,glucose,8.843,8.054,8.472,8.016,7.654,7.569,7.569,7.398,0.032666354,0.586809804,0.296376774,0.87534276,0.492608518,0.856889158,0.780176094,0.032666354,,,,,,,TRUE,FALSE,TRUE,FALSE
1380,21.17,methyl tyrosine,8.017,7.569,7.62,8.465,7.894,7.569,7.569,8.042,0.526455636,0.395183768,0.703979588,0.745932745,0.806580466,0.029136234,0.599430039,,,,,,0.029136234,,TRUE,FALSE,FALSE,FALSE
1382,21.19,methyl tyrosine,7.678,9.074,7.518,10.875,8.416,8.348,11.227,9.007,0.636922582,0.037422756,0.227435347,0.686512631,0.007362643,0.992434866,0.088845807,,0.037422756,,,0.007362643,,,TRUE,TRUE,TRUE,FALSE
1388,21.23,methyl tyrosine,9.706,10.345,7.769,7.931,8.87,8.517,8.597,10.874,0.71086842,0.454419681,0.365260608,0.016461699,0.773240681,0.469919054,0.262558848,,,,0.016461699,,,,TRUE,FALSE,FALSE,FALSE
1393,21.27,methyl tyrosine,7.678,10.415,10.429,7.569,10.414,7.831,7.727,8.427,0.713965343,0.422503517,0.477826569,0.476039441,0.304178821,0.27499153,0.00106821,,,,,,,0.00106821,TRUE,TRUE,FALSE,FALSE
1398,21.31,methyl tyrosine,7.957,9.036,8.771,7.569,8.609,7.698,7.569,7.967,0.392980015,0.33573906,0.697500904,0.99613688,0.609823694,0.418734088,0.015624646,,,,,,,0.015624646,TRUE,FALSE,FALSE,FALSE
1399,21.32,methyl tyrosine,7.459,10.353,8.698,7.678,9.246,7.926,7.796,8.635,0.944451403,0.409235759,0.48130638,0.755203843,0.210816441,0.375373711,0.012325522,,,,,,,0.012325522,TRUE,FALSE,FALSE,FALSE
1400,21.32,methyl tyrosine,8.092,9.492,8.433,7.569,8.888,7.856,7.569,8.115,0.609350807,0.159244297,0.938175831,0.735035169,0.437456693,0.621549524,0.037007951,,,,,,,0.037007951,TRUE,FALSE,FALSE,FALSE
1401,21.33,aspartic acid,7.678,8.009,8.693,7.569,8.5,7.569,7.569,7.398,0.532123792,0.601775252,0.094520751,0.140067067,0.635556214,0.458916633,0.047629205,,,,,,,0.047629205,TRUE,FALSE,FALSE,FALSE
1403,21.35,aspartic acid,7.459,9.807,10.218,7.569,8.795,7.813,7.569,8.447,0.353337047,0.964618144,0.92572981,0.643323342,0.820212602,0.072142117,0.000834453,,,,,,,0.000834453,TRUE,TRUE,FALSE,FALSE
1404,21.36,aspartic acid,7.678,8.768,8.53,7.569,8.791,7.569,7.569,7.877,0.695393388,0.316019895,0.541507479,0.672682166,0.242268194,0.550819585,0.004118073,,,,,,,0.004118073,TRUE,TRUE,FALSE,FALSE
1405,21.36,aspartic acid,7.99,8.106,9.16,7.569,8.868,7.637,7.569,7.398,0.330970174,0.362697322,0.011213392,0.063565238,0.862311705,0.467468546,0.01434121,,,0.011213392,,,,0.01434121,TRUE,FALSE,TRUE,FALSE
1407,21.38,aspartic acid,8.172,7.569,8.886,7.569,8.498,7.569,7.569,7.398,0.475506759,0.707778415,0.028492996,0.228963768,0.621815079,0.981753439,0.287402761,,,0.028492996,,,,,TRUE,FALSE,TRUE,FALSE
1415,21.44,hexadecanoic acid,8.206,7.61,8.011,7.852,8.254,7.569,7.569,7.398,0.291101748,0.298481648,0.044822774,0.299551872,0.882921943,0.258338747,0.924573091,,,0.044822774,,,,,TRUE,FALSE,TRUE,FALSE
1417,21.45,hexadecanoic acid,8.858,8.26,7.766,7.569,10.345,8.732,7.569,7.726,0.298751658,0.009161091,0.229686682,0.35473592,0.68553852,0.305373501,0.502886238,,0.009161091,,,,,,TRUE,TRUE,TRUE,TRUE
1435,21.59,turanose,7.459,8.062,8.263,7.569,7.884,7.569,7.569,7.739,0.619975515,0.811145754,0.837048054,0.631610521,0.796038161,0.287573301,0.040256873,,,,,,,0.040256873,TRUE,FALSE,FALSE,FALSE
1438,21.61,turanose,8.023,7.569,7.518,7.569,7.858,7.569,7.569,7.398,0.483900685,0.049355841,0.079609649,0.922589409,0.958708788,0.215535449,0.454885269,,0.049355841,,,,,,TRUE,FALSE,TRUE,FALSE
1440,21.63,turanose,8.691,7.574,7.518,7.569,8.373,8.699,7.569,7.398,0.686712388,0.043561881,0.528025995,0.592214435,0.399850807,0.643117393,0.311801374,,0.043561881,,,,,,TRUE,FALSE,TRUE,FALSE
1443,21.65,turanose,8.004,7.569,8.671,7.569,8.286,7.569,7.569,7.398,0.461584429,0.773677997,0.033891918,0.207573749,0.63772361,0.871922947,0.288488854,,,0.033891918,,,,,TRUE,FALSE,TRUE,FALSE
1445,21.67,turanose,7.969,7.569,7.518,7.569,7.728,7.873,7.569,7.398,0.836672905,0.030211628,0.435497235,0.713138923,0.438714872,0.731225648,0.140695687,,0.030211628,,,,,,TRUE,FALSE,TRUE,FALSE
1452,21.72,,7.678,7.57,7.518,7.569,9.628,7.569,7.982,7.398,0.094021044,0.136642996,0.0452201,0.196986347,0.0469128,0.248701596,0.332308228,,,0.0452201,,0.0469128,,,TRUE,FALSE,TRUE,FALSE
1454,21.73,,7.934,7.569,7.518,7.569,7.913,7.8,7.569,7.398,0.897361948,0.01234745,0.176835598,0.469003415,0.876866886,0.41144804,0.312964775,,0.01234745,,,,,,TRUE,FALSE,TRUE,FALSE
1456,21.75,beta-D-glucopyranose,8.017,7.569,8.474,7.569,9.046,7.569,7.569,7.398,0.915210243,0.371626437,0.03147805,0.157948149,0.733156419,0.589685089,0.214367714,,,0.03147805,,,,,TRUE,FALSE,TRUE,FALSE
1460,21.78,beta-D-glucopyranose,8.636,8.53,10.663,7.569,10.265,7.829,8.9,8.094,0.993814197,0.865165349,0.009036697,0.39513544,0.838901468,0.496165888,0.05440525,,,0.009036697,,,,,TRUE,TRUE,TRUE,TRUE
1466,21.83,beta-D-glucopyranose,7.678,8.537,8.169,8.513,7.654,9.003,7.569,7.398,0.396648195,0.403086882,0.047304178,0.072879117,0.936062325,0.124012708,0.430590995,,,0.047304178,,,,,TRUE,FALSE,TRUE,FALSE
1472,21.87,beta-D-glucopyranose,7.875,7.903,7.518,8.496,7.94,8.527,8.536,8.04,0.266395139,0.71986638,0.236381469,0.738692784,0.467312524,0.978206024,0.044767439,,,,,,,0.044767439,TRUE,FALSE,FALSE,FALSE
1474,21.89,beta-D-glucopyranose,7.459,7.828,7.62,9.36,7.726,8.522,10.602,9.76,0.11623333,0.021799907,0.357423453,0.398587555,0.444919582,0.963474599,0.220670811,,0.021799907,,,,,,TRUE,FALSE,TRUE,FALSE
1475,21.89,beta-D-glucopyranose,8.769,7.61,7.767,10.358,7.893,8.554,10.391,9.474,0.63712871,0.045957045,0.656305056,0.590430938,0.63079652,0.328733127,0.037853066,,0.045957045,,,,,0.037853066,TRUE,FALSE,TRUE,FALSE
1478,21.92,beta-D-glucopyranose,8.419,8.368,7.696,9.873,7.654,7.569,9.909,8.96,0.661361362,0.038948431,0.570092603,0.22950682,0.16440415,0.459017005,0.137729915,,0.038948431,,,,,,TRUE,FALSE,TRUE,FALSE
1484,21.96,beta-D-glucopyranose,9.058,7.652,7.997,12.359,8.075,10.092,11.204,9.821,0.658305735,0.04912197,0.281681751,0.672197852,0.655708703,0.388391016,0.007790959,,0.04912197,,,,,0.007790959,TRUE,TRUE,TRUE,FALSE
1485,21.97,beta-D-glucopyranose,7.945,8.061,7.62,9.567,7.483,8.648,9.289,8.732,0.703755335,0.066597041,0.10364339,0.815438935,0.508386119,0.86108098,0.039882592,,,,,,,0.039882592,TRUE,FALSE,FALSE,FALSE
1486,21.98,beta-D-glucopyranose,8.561,8.676,7.554,11.755,8.754,11.719,10.817,9.631,0.231486725,0.485330011,0.065002901,0.405226674,0.603884859,0.913868603,0.017717164,,,,,,,0.017717164,TRUE,FALSE,FALSE,FALSE
1494,22.04,beta-D-glucopyranose,7.547,7.569,7.62,8.163,7.483,7.569,8.015,8.216,0.646178107,0.01011208,0.260514854,0.488115998,0.730338335,0.360781688,0.572967927,,0.01011208,,,,,,TRUE,FALSE,TRUE,FALSE
1500,22.08,beta-D-glucopyranose,7.459,9.763,9.432,7.588,8.534,7.705,7.662,8.629,0.563279311,0.987346035,0.705934359,0.837770788,0.679136235,0.213483658,0.007481494,,,,,,,0.007481494,TRUE,TRUE,FALSE,FALSE
1501,22.09,gluconic acid,7.678,10.326,9.634,8.273,10.618,8.636,7.823,7.961,0.934808723,0.198205374,0.906253305,0.18375045,0.151939015,0.391311617,0.021084127,,,,,,,0.021084127,TRUE,FALSE,FALSE,FALSE
1502,22.1,gluconic acid,7.678,8.626,8.249,7.569,8.8,7.569,7.569,7.398,0.625452232,0.131061466,0.402617353,0.437133692,0.121562098,0.566130092,0.033848493,,,,,,,0.033848493,TRUE,FALSE,FALSE,FALSE
1503,22.11,gluconic acid,7.678,9.068,8.63,7.569,9.215,7.569,7.569,7.398,0.583844544,0.162899725,0.421820305,0.431238041,0.133951291,0.478918991,0.02248218,,,,,,,0.02248218,TRUE,FALSE,FALSE,FALSE
1504,22.11,gluconic acid,8.283,7.92,7.518,7.569,8.474,7.569,7.569,7.398,0.694597516,0.012692732,0.097734218,0.961975772,0.353642916,0.199090716,0.713179022,,0.012692732,,,,,,TRUE,FALSE,TRUE,FALSE
1518,22.22,gluconic acid,8.324,8.288,7.518,7.965,7.654,7.569,7.641,7.453,0.043506414,0.17039537,0.874899828,0.327335745,0.501950386,0.663318472,0.535566088,0.043506414,,,,,,,TRUE,FALSE,TRUE,FALSE
1541,22.39,inositol,8.473,9.025,8.53,7.713,7.483,7.646,7.569,7.95,0.02771647,0.504648276,0.794105209,0.198666067,0.621162518,0.365817445,0.246416889,0.02771647,,,,,,,TRUE,FALSE,TRUE,FALSE
1542,22.4,inositol,7.459,9.234,7.792,7.739,7.579,7.925,7.974,8.148,0.630996982,0.703208841,0.040747064,0.165441567,0.264627274,0.086092497,0.170318053,,,0.040747064,,,,,TRUE,FALSE,TRUE,FALSE
1546,22.44,inositol,7.853,9.35,7.997,7.642,9.056,7.909,7.856,7.398,0.741620328,0.046428616,0.881581914,0.841460477,0.069307369,0.424173991,0.1210389,,0.046428616,,,,,,TRUE,FALSE,TRUE,FALSE
1550,22.47,inositol,9.043,7.951,7.856,9.239,7.654,8.003,8.731,8.186,0.203724629,0.408097447,0.999027531,0.504125324,0.905889097,0.250879397,0.031153978,,,,,,,0.031153978,TRUE,FALSE,FALSE,FALSE
1556,22.52,inositol,8.202,7.69,7.596,8.344,7.654,7.938,8.248,7.684,0.489949212,0.705710209,0.959732566,0.848182989,0.690654402,0.511922593,0.01092518,,,,,,,0.01092518,TRUE,FALSE,FALSE,FALSE
1568,22.61,palmitic acid,7.459,7.923,7.902,7.569,7.483,7.569,7.569,7.94,0.695547664,0.224697864,0.217817049,0.383662302,0.648247177,0.257301752,0.034541497,,,,,,,0.034541497,TRUE,FALSE,FALSE,FALSE
1573,22.65,palmitic acid,7.459,7.954,7.777,7.569,7.543,7.569,7.569,7.848,0.736266773,0.521134974,0.176304296,0.381075431,0.881075245,0.283641224,0.043681757,,,,,,,0.043681757,TRUE,FALSE,FALSE,FALSE
1575,22.67,palmitic acid,7.459,8.331,8.18,7.569,7.841,7.569,7.569,8.065,0.722444042,0.748359411,0.533349346,0.686222244,0.774074591,0.341229506,0.012925684,,,,,,,0.012925684,TRUE,FALSE,FALSE,FALSE
1577,22.69,palmitic acid,7.459,7.942,7.98,7.569,7.935,7.569,7.569,7.92,0.779710773,0.767588315,0.928130084,0.894659736,0.730204047,0.712328692,0.026732786,,,,,,,0.026732786,TRUE,FALSE,FALSE,FALSE
1585,22.76,palmitic acid,8.555,7.729,7.518,7.569,8.304,7.569,7.569,7.398,0.453971216,0.014605627,0.043491048,0.703801954,0.890425245,0.102023065,0.722967857,,0.014605627,0.043491048,,,,,TRUE,FALSE,TRUE,FALSE
1593,22.85,myo-inositol,8.086,8.528,7.925,8.596,7.654,7.926,7.569,7.712,0.046915376,0.816793541,0.1657661,0.796965618,0.550676561,0.91451719,0.748077489,0.046915376,,,,,,,TRUE,FALSE,TRUE,FALSE
1613,23.06,myo-inositol,7.678,7.569,7.518,7.569,8.075,7.742,7.569,7.398,0.282349707,0.024190333,0.1921631,0.107142511,0.308317338,0.464047549,0.996916433,,0.024190333,,,,,,TRUE,FALSE,TRUE,FALSE
1615,23.08,myo-inositol,7.745,7.569,7.518,7.569,8.375,7.759,7.569,7.398,0.26537441,0.03974569,0.154599503,0.152595416,0.299978616,0.322430874,0.743495947,,0.03974569,,,,,,TRUE,FALSE,TRUE,FALSE
1639,23.34,myo-inositol,7.738,7.721,7.947,8.567,7.654,7.903,7.569,7.398,0.049890884,0.419154527,0.330433001,0.016007974,0.544339231,0.697724332,0.137040501,0.049890884,,,0.016007974,,,,TRUE,FALSE,TRUE,FALSE
1648,23.43,myo-inositol,7.737,8.559,8.159,7.569,7.935,7.569,7.569,8.362,0.734455937,0.984838213,0.589727179,0.354758558,0.965285995,0.753503804,0.042530336,,,,,,,0.042530336,TRUE,FALSE,FALSE,FALSE
1660,23.56,fructose,7.73,7.569,7.518,7.569,7.763,7.671,7.569,7.398,0.979556403,0.023654962,0.2177071,0.361324913,0.679264404,0.625752181,0.343781307,,0.023654962,,,,,,TRUE,FALSE,TRUE,FALSE
1663,23.59,fructose,7.796,7.569,7.518,7.628,7.826,7.732,7.569,7.398,0.978796307,0.023319229,0.265075931,0.271269295,0.756994941,0.429604924,0.2524996,,0.023319229,,,,,,TRUE,FALSE,TRUE,FALSE
1664,23.6,fructose,7.927,7.678,7.707,7.569,7.831,7.617,7.569,7.398,0.257696071,0.049199098,0.073993124,0.731425457,0.984314107,0.717411801,0.877608088,,0.049199098,,,,,,TRUE,FALSE,TRUE,FALSE
1668,23.67,galactose,7.866,8.154,8.909,8.444,7.654,8.83,7.643,7.834,0.287287796,0.669179359,0.228075909,0.032670494,0.133165125,0.105395954,0.824204746,,,,0.032670494,,,,TRUE,FALSE,FALSE,FALSE
1681,23.83,galactose,7.525,7.744,7.62,7.922,7.483,7.671,7.724,7.967,0.921061286,0.06008792,0.047464999,0.575284896,0.846465465,0.761579468,0.951894709,,,0.047464999,,,,,TRUE,FALSE,TRUE,FALSE
1691,23.94,galactose,8.064,7.603,7.518,7.569,8.056,7.569,7.569,7.398,0.66438404,0.015494177,0.033405048,0.890538684,0.643454315,0.112564469,0.708900232,,0.015494177,0.033405048,,,,,TRUE,FALSE,TRUE,FALSE
1693,23.96,galactose,8.098,7.685,7.871,7.575,8.302,7.726,7.569,7.398,0.779999393,0.055710582,0.048529744,0.358845725,0.922476791,0.500057069,0.70136933,,,0.048529744,,,,,TRUE,FALSE,TRUE,FALSE
1707,24.11,galactose,7.914,7.742,7.518,8.129,7.686,8.528,8.358,8.103,0.175714636,0.805809282,0.244081964,0.865634613,0.712440089,0.814245645,0.045189903,,,,,,,0.045189903,TRUE,FALSE,FALSE,FALSE
1713,24.19,fructose,8.277,7.569,7.967,8.966,7.654,8.292,8.859,8.416,0.882340003,0.069465989,0.722231939,0.929280569,0.89479155,0.548276613,0.034766481,,,,,,,0.034766481,TRUE,FALSE,FALSE,FALSE
1714,24.19,fructose,7.459,7.845,7.771,7.569,7.751,7.569,7.569,7.739,0.883961739,0.881266825,0.672109062,0.955950533,0.540215878,0.542986126,0.049514984,,,,,,,0.049514984,TRUE,FALSE,FALSE,FALSE
1715,24.21,fructose,7.459,7.865,7.852,7.569,7.884,7.569,7.584,7.785,0.746035561,0.911547293,0.966999918,0.799354646,0.543641666,0.68681784,0.044032914,,,,,,,0.044032914,TRUE,FALSE,FALSE,FALSE
1721,24.28,fructose,7.678,7.569,8.411,7.81,8.071,8.093,7.569,7.398,0.862559545,0.773637953,0.289836671,0.009491885,0.493134841,0.379290876,0.705498573,,,,0.009491885,,,,TRUE,TRUE,FALSE,FALSE
1725,24.33,fructose,7.94,9.477,8.825,8.506,8.042,8.716,8.142,8.871,0.572565797,0.762465077,0.035495683,0.769421775,0.987934077,0.145412891,0.143683852,,,0.035495683,,,,,TRUE,FALSE,TRUE,FALSE
1734,24.41,fructose,7.678,7.569,7.926,7.661,8.714,8.239,8.051,7.636,0.032105802,0.262329301,0.152900965,0.060859451,0.53488242,0.902377682,0.802625798,0.032105802,,,,,,,TRUE,FALSE,TRUE,FALSE
1735,24.42,fructose,8.332,7.569,7.582,7.569,8.015,7.692,7.569,7.398,0.484923855,0.021635479,0.046571911,0.943410978,0.622261534,0.169587106,0.376055778,,0.021635479,0.046571911,,,,,TRUE,FALSE,TRUE,FALSE
1740,24.46,fructose,7.927,7.569,7.518,7.569,7.776,7.569,7.569,7.398,0.356586373,0.024422088,0.053116604,0.941312272,0.91342094,0.207518865,0.311755231,,0.024422088,,,,,,TRUE,FALSE,TRUE,FALSE
1751,24.55,fructose,7.897,7.569,7.518,7.569,7.769,7.569,7.569,7.398,0.389250417,0.028933308,0.063117059,0.998641924,0.856183006,0.238662555,0.334329156,,0.028933308,,,,,,TRUE,FALSE,TRUE,FALSE
1756,24.6,13-octadecenoic acid,8.053,7.582,7.544,7.569,7.862,7.569,7.569,7.398,0.339424356,0.021195117,0.034505995,0.880023537,0.978603692,0.157354815,0.404811165,,0.021195117,0.034505995,,,,,TRUE,FALSE,TRUE,FALSE
1757,24.6,13-octadecenoic acid,7.678,7.912,7.518,7.569,8.128,7.717,7.569,7.398,0.77529957,0.017322593,0.632944416,0.442350092,0.109649709,0.948643015,0.452272832,,0.017322593,,,,,,TRUE,FALSE,TRUE,FALSE
1763,24.65,13-octadecenoic acid,8.332,7.569,7.518,7.909,7.654,7.569,7.666,7.937,0.332810999,0.870807528,0.589852922,0.150267585,0.341036,0.0203999,0.220988818,,,,,,0.0203999,,TRUE,FALSE,FALSE,FALSE
1780,24.83,13-octadecenoic acid,7.829,7.712,7.518,7.569,7.902,7.569,7.569,7.398,0.596528997,0.024917838,0.180583339,0.862878342,0.308182996,0.442974843,0.989570904,,0.024917838,,,,,,TRUE,FALSE,TRUE,FALSE
1797,24.97,stearic acid,7.476,7.741,8.453,7.569,7.76,7.69,7.682,7.896,0.977212121,0.185318264,0.526581933,0.419358721,0.369940914,0.189527834,0.048802777,,,,,,,0.048802777,TRUE,FALSE,FALSE,FALSE
1800,25,stearic acid,7.541,7.776,8.289,7.569,7.706,7.661,7.569,8.09,0.942803953,0.152767878,0.959659605,0.876323453,0.190353408,0.452706856,0.018296482,,,,,,,0.018296482,TRUE,FALSE,FALSE,FALSE
1801,25.01,stearic acid,7.925,7.979,7.537,7.592,7.837,7.695,7.569,7.647,0.568367525,0.049931293,0.949046897,0.391092785,0.716203024,0.697547151,0.687947334,,0.049931293,,,,,,TRUE,FALSE,TRUE,FALSE
1811,25.09,stearic acid,7.953,7.725,8.171,7.569,7.824,7.629,7.569,7.398,0.066524167,0.320286616,0.023354655,0.326807082,0.399138088,0.468885214,0.435975274,,,0.023354655,,,,,TRUE,FALSE,TRUE,FALSE
1840,25.36,,7.758,7.62,7.518,7.569,7.654,7.781,7.569,7.472,0.973459402,0.048410075,0.872618733,0.741990336,0.653687882,0.968160532,0.245209401,,0.048410075,,,,,,TRUE,FALSE,TRUE,FALSE
1854,25.47,glycerol-glycoside,8.623,8.424,8.748,7.845,8.801,10.164,9.033,7.776,0.162669238,0.061797585,0.628678497,0.223872053,0.343023854,0.038707176,0.211661208,,,,,,0.038707176,,TRUE,FALSE,FALSE,FALSE
1855,25.48,glycerol-glycoside,7.678,7.945,7.524,7.569,8.291,8.16,7.569,7.398,0.375884595,0.029351883,0.948948531,0.254402612,0.479255878,0.760127872,0.83740818,,0.029351883,,,,,,TRUE,FALSE,TRUE,FALSE
1878,25.68,glycerol-glycoside,7.678,7.569,7.518,7.569,7.654,8.274,7.569,7.398,0.239394598,0.029509368,0.393706603,0.101381501,0.228412442,0.252575102,0.065038377,,0.029509368,,,,,,TRUE,FALSE,TRUE,FALSE
1880,25.7,mannose phosphate,7.896,7.87,7.62,8.401,7.483,8.37,8.478,7.79,0.901760036,0.555614402,0.296735638,0.95728261,0.759405121,0.532617797,0.025367113,,,,,,,0.025367113,TRUE,FALSE,FALSE,FALSE
1890,25.8,mannose phosphate,7.867,9.021,8.516,7.569,8.289,7.654,7.569,8.271,0.567533812,0.628657698,0.841036421,0.61492508,0.778970335,0.572094133,0.044717263,,,,,,,0.044717263,TRUE,FALSE,FALSE,FALSE
1891,25.81,mannose phosphate,7.856,8.508,8.017,7.569,8.197,7.569,7.569,8.337,0.917750098,0.666969818,0.801803705,0.384197473,0.797981589,0.891079336,0.046420909,,,,,,,0.046420909,TRUE,FALSE,FALSE,FALSE
1929,26.11,ribose,7.459,7.569,7.62,7.569,7.483,7.569,9.464,9.625,0.061387841,0.037148213,0.860410393,0.044956311,0.930154475,0.959786524,0.901106102,,0.037148213,,0.044956311,,,,TRUE,FALSE,TRUE,FALSE
1939,26.2,ribose,7.459,7.569,7.62,7.569,7.483,7.569,7.569,8.011,0.19416751,0.041431001,0.140956744,0.222503747,0.25728275,0.642589337,0.162340486,,0.041431001,,,,,,TRUE,FALSE,TRUE,FALSE
1979,26.52,glucose-6-phosphate,8.259,8.532,7.75,8.485,9.339,7.687,7.569,9.496,0.394813337,0.957360537,0.562061024,0.570656931,0.485907753,0.017156301,0.052701482,,,,,,0.017156301,,TRUE,FALSE,FALSE,FALSE
1991,26.61,glucose-6-phosphate,8.195,7.857,7.518,8.319,7.764,7.569,7.833,8.979,0.825421747,0.14523548,0.243907944,0.06432935,0.66066319,0.016633679,0.839001378,,,,,,0.016633679,,TRUE,FALSE,FALSE,FALSE
1996,26.66,glucose-6-phosphate,8.768,8.309,7.9,8.247,7.654,7.6,7.569,7.916,0.041187277,0.57872321,0.962497041,0.322123253,0.730415808,0.327054416,0.745293361,0.041187277,,,,,,,TRUE,FALSE,TRUE,FALSE
2007,26.76,glucose-6-phosphate,8.317,7.569,7.518,7.569,8.301,8.2,7.569,7.416,0.673987367,0.048584303,0.376277944,0.558831913,0.659887863,0.502940912,0.472342618,,0.048584303,,,,,,TRUE,FALSE,TRUE,FALSE
2010,26.78,glucose-6-phosphate,8.35,7.569,7.518,7.569,8.258,8.176,7.569,7.398,0.755512767,0.047077316,0.35676333,0.602736658,0.63228168,0.498336752,0.433005063,,0.047077316,,,,,,TRUE,FALSE,TRUE,FALSE
2014,26.81,glucose-6-phosphate,8.119,7.569,7.518,7.569,8.143,8.012,7.569,7.398,0.693832528,0.031558249,0.301084202,0.488201461,0.760559235,0.476622168,0.444587231,,0.031558249,,,,,,TRUE,FALSE,TRUE,FALSE
2015,26.82,glucose-6-phosphate,8.014,7.569,7.518,7.569,8.012,7.879,7.569,7.398,0.794235995,0.021033086,0.229126912,0.488874219,0.823202941,0.431860641,0.390014131,,0.021033086,,,,,,TRUE,FALSE,TRUE,FALSE
2016,26.83,glucose-6-phosphate,7.796,7.569,7.518,7.569,7.778,7.625,7.569,7.398,0.699514837,0.018656621,0.100875344,0.573008271,0.694865469,0.376254205,0.344681612,,0.018656621,,,,,,TRUE,FALSE,TRUE,FALSE
2023,26.88,,8.811,8.562,10.573,7.569,7.625,7.569,7.569,8.071,0.043758933,0.627220735,0.187869356,0.965235608,0.112024752,0.266368232,0.123425376,0.043758933,,,,,,,TRUE,FALSE,TRUE,FALSE
2027,26.91,,9.105,8.649,9.07,8.321,7.654,8.024,7.569,7.398,0.023453572,0.531683194,0.604744134,0.888085602,0.454701403,0.670212854,0.898454602,0.023453572,,,,,,,TRUE,FALSE,TRUE,FALSE
2029,26.93,,7.678,8.769,8.47,7.569,9.097,7.569,7.569,7.771,0.911588624,0.341790936,0.53581099,0.615392635,0.283195375,0.794157512,0.038019269,,,,,,,0.038019269,TRUE,FALSE,FALSE,FALSE
2041,27.02,,7.694,8.665,9.595,9.712,8.689,9.9,7.569,8.027,0.783512312,0.893877899,0.340369228,0.049196506,0.841339469,0.587898723,0.972893593,,,,0.049196506,,,,TRUE,FALSE,FALSE,FALSE
2045,27.05,,8.014,7.569,7.999,9.332,7.483,8.39,8.642,8.975,0.787568406,0.044746665,0.260579679,0.981756114,0.750309223,0.457871581,0.192495877,,0.044746665,,,,,,TRUE,FALSE,TRUE,FALSE
2047,27.06,,8.1,7.569,7.518,8.811,7.654,8.208,9.357,8.06,0.592821905,0.189209622,0.930989283,0.712361344,0.452059164,0.914631131,0.020150412,,,,,,,0.020150412,TRUE,FALSE,FALSE,FALSE
2048,27.07,,8.248,7.569,7.518,9.687,7.654,8.365,9.831,8.968,0.527895315,0.046903886,0.506037426,0.596739871,0.543419998,0.458672356,0.033971616,,0.046903886,,,,,0.033971616,TRUE,FALSE,TRUE,FALSE
2050,27.08,,8.589,7.906,7.518,11.885,7.654,10.393,10.838,9.853,0.452663971,0.060335243,0.073163161,0.776255175,0.715738682,0.55428223,0.005619157,,,,,,,0.005619157,TRUE,TRUE,FALSE,FALSE
2051,27.09,,8.25,7.569,7.62,10.214,7.483,8.505,10.353,9.493,0.534162822,0.025893444,0.41327691,0.561883975,0.618198857,0.51508521,0.048521042,,0.025893444,,,,,0.048521042,TRUE,FALSE,TRUE,FALSE
2052,27.1,,8.444,7.569,7.62,10.897,7.483,9.837,11.031,10.217,0.297121845,0.052309134,0.227809184,0.758839113,0.960692364,0.676615966,0.030127949,,,,,,,0.030127949,TRUE,FALSE,FALSE,FALSE
2054,27.12,,7.678,8.629,7.518,8.617,7.654,8.094,7.569,8.541,0.740628675,0.707510794,0.019919605,0.709523466,0.630409706,0.643911276,0.788151373,,,0.019919605,,,,,TRUE,FALSE,TRUE,FALSE
2055,27.12,,8.092,7.569,8.383,10.373,7.483,8.315,9.784,9.115,0.972064941,0.004926377,0.439947187,0.892831598,0.660473629,0.56365438,0.063403915,,0.004926377,,,,,,TRUE,TRUE,TRUE,TRUE
2056,27.13,,8.125,8.1,7.518,10.008,7.654,8.734,9.381,8.681,0.856626321,0.090148904,0.106628744,0.993892295,0.348759431,0.592292964,0.020363413,,,,,,,0.020363413,TRUE,FALSE,FALSE,FALSE
2057,27.14,,7.678,8.083,7.518,9.247,8.144,9.823,7.569,7.398,0.635704817,0.21370768,0.00731446,0.002420458,0.815808878,0.786322827,0.021123285,,,0.00731446,0.002420458,,,0.021123285,TRUE,TRUE,TRUE,TRUE
2060,27.16,,7.678,7.998,7.518,9.605,8.092,9.009,7.569,7.903,0.97115354,0.845404558,0.005750506,0.011582961,0.448416205,0.296529428,0.06462982,,,0.005750506,0.011582961,,,,TRUE,TRUE,TRUE,TRUE
2061,27.17,,7.678,7.569,7.518,9.455,8.039,8.824,8.96,8.419,0.159531486,0.075356399,0.11445521,0.253439348,0.336952115,0.496590073,0.013751977,,,,,,,0.013751977,TRUE,FALSE,FALSE,FALSE
2062,27.18,,7.678,10.673,8.793,8.573,7.971,7.569,7.569,7.398,0.016092534,0.489960666,0.19593926,0.942028011,0.076076413,0.123510904,0.094363935,0.016092534,,,,,,,TRUE,FALSE,TRUE,FALSE
2063,27.18,,8.239,10.08,8.161,8.483,7.847,7.569,7.569,7.739,0.029037319,0.383132703,0.232069003,0.453216109,0.197368183,0.53558207,0.301004122,0.029037319,,,,,,,TRUE,FALSE,TRUE,FALSE
2064,27.19,,7.678,9.196,7.518,7.569,7.654,8.069,7.569,7.398,0.204581162,0.014963555,0.040821054,0.385497145,0.167239315,0.039911117,0.377559285,,0.014963555,0.040821054,,,0.039911117,,TRUE,FALSE,TRUE,FALSE
2065,27.2,,7.678,7.569,7.518,9.271,7.654,8.522,8.399,7.921,0.78341646,0.143350467,0.098659616,0.179899168,0.442416192,0.579995944,0.012544397,,,,,,,0.012544397,TRUE,FALSE,FALSE,FALSE
2069,27.23,,8.179,9.454,7.608,8.261,8.384,8.338,7.569,7.398,0.268801211,0.039631081,0.244523018,0.90201863,0.179354132,0.63298062,0.758498672,,0.039631081,,,,,,TRUE,FALSE,TRUE,FALSE
2071,27.24,,7.678,8.129,7.518,8.196,8.132,7.569,8.462,7.398,0.867090731,0.96743439,0.77765506,0.963915212,0.026473142,0.840948694,0.536516417,,,,,0.026473142,,,TRUE,FALSE,FALSE,FALSE
2072,27.25,,7.459,8.475,8.005,7.569,9.478,7.569,7.569,7.739,0.438777495,0.181361681,0.432415307,0.347643942,0.07298661,0.761402544,0.020152069,,,,,,,0.020152069,TRUE,FALSE,FALSE,FALSE
2087,27.37,uridine,8.609,8.568,9.919,9.05,9.774,10.168,8.178,7.502,0.988466416,0.39197137,0.700359913,0.035279558,0.810263349,0.50684559,0.931744856,,,,0.035279558,,,,TRUE,FALSE,FALSE,FALSE
2105,27.5,uridine,7.694,9.162,8.724,7.738,7.541,7.777,7.569,8.51,0.200076899,0.685205183,0.169605866,0.30992633,0.749081517,0.142322835,0.018098987,,,,,,,0.018098987,TRUE,FALSE,FALSE,FALSE
2109,27.53,uridine,8.152,9.719,10.194,8.55,8.183,8.544,9.084,7.972,0.207478124,0.647208291,0.866611886,0.732159575,0.716686183,0.032009619,0.423545229,,,,,,0.032009619,,TRUE,FALSE,FALSE,FALSE
2111,27.55,uridine,7.647,9.346,9.621,7.777,7.751,8.28,7.979,9.191,0.697034124,0.374853853,0.362832349,0.602352582,0.43293786,0.115851964,0.033457317,,,,,,,0.033457317,TRUE,FALSE,FALSE,FALSE
2114,27.57,uridine,7.532,7.569,9.922,8.595,7.483,7.483,7.569,7.739,0.025557033,0.004845671,0.387955739,0.027551656,0.304860168,0.326469014,0.238891457,0.025557033,0.004845671,,0.027551656,,,,TRUE,TRUE,TRUE,TRUE
2118,27.6,uridine,7.62,8.932,10.776,8.551,8.144,8.629,9.189,8.13,0.435638941,0.112023365,0.588578317,0.230348278,0.913383959,0.010506319,0.308239433,,,,,,0.010506319,,TRUE,FALSE,FALSE,FALSE
2121,27.62,uridine,8.873,7.569,7.518,8.9,9.135,7.979,7.904,7.398,0.704885694,0.250870183,0.253542083,0.233232474,0.319598619,0.035373045,0.205248134,,,,,,0.035373045,,TRUE,FALSE,FALSE,FALSE
2124,27.65,uridine,7.7,7.569,9.207,7.914,7.654,7.883,7.795,7.398,0.149239024,0.165042699,0.137235094,0.03693813,0.222274294,0.075452009,0.593597038,,,,0.03693813,,,,TRUE,FALSE,FALSE,FALSE
2162,27.93,,7.51,8.022,8.309,8.011,7.483,7.569,7.569,7.739,0.027368609,0.067500763,0.379447652,0.389734631,0.950700799,0.202926627,0.141366856,0.027368609,,,,,,,TRUE,FALSE,TRUE,FALSE
2197,28.2,beta-gentibiose,7.602,9.321,7.984,7.841,8.101,7.569,7.968,7.739,0.244815926,0.375293075,0.358491494,0.408195235,0.034486951,0.157218707,0.069455942,,,,,0.034486951,,,TRUE,FALSE,FALSE,FALSE
2198,28.21,beta-gentibiose,7.459,8.284,7.62,7.569,7.483,7.569,7.569,7.739,0.22605231,0.584865964,0.014113438,0.084567879,0.178952369,0.064327063,0.035875418,,,0.014113438,,,,0.035875418,TRUE,FALSE,TRUE,FALSE
2209,28.29,beta-gentibiose,7.459,7.85,8.045,7.852,8.094,7.569,7.569,7.931,0.849365842,0.452233251,0.994305924,0.338553702,0.481533252,0.7524034,0.047269209,,,,,,,0.047269209,TRUE,FALSE,FALSE,FALSE
2210,28.3,beta-gentibiose,7.547,7.751,7.937,7.569,7.805,7.569,7.569,7.739,0.965035809,0.718759572,0.620682331,0.635479599,0.991012945,0.645445775,0.0421363,,,,,,,0.0421363,TRUE,FALSE,FALSE,FALSE
2222,28.39,beta-gentibiose,7.459,7.569,8.376,7.569,7.483,8.336,7.91,8.443,0.164113188,0.137606855,0.485896751,0.827966032,0.046878142,0.211906163,0.552667442,,,,,0.046878142,,,TRUE,FALSE,FALSE,FALSE
2224,28.41,beta-gentibiose,7.459,8.031,7.62,7.98,7.66,8.125,7.569,7.739,0.896641612,0.775587827,0.048961231,0.426000072,0.727283982,0.535740964,0.918039833,,,0.048961231,,,,,TRUE,FALSE,TRUE,FALSE
2230,28.45,beta-gentibiose,7.682,7.903,7.518,7.569,8.075,7.569,7.569,7.398,0.918240747,0.044258377,0.50750178,0.687549179,0.086326355,0.808124645,0.38113333,,0.044258377,,,,,,TRUE,FALSE,TRUE,FALSE
2234,28.48,beta-gentibiose,7.777,7.569,8.336,8.357,7.483,7.811,7.763,8.558,0.799547836,0.026515935,0.470224353,0.88862999,0.252457358,0.538125463,0.83058405,,0.026515935,,,,,,TRUE,FALSE,TRUE,FALSE
2238,28.52,maltose,7.459,7.569,8.593,7.842,8.678,7.569,7.569,8.134,0.428958578,0.344179058,0.217516764,0.096939584,0.876727012,0.516900674,0.020395478,,,,,,,0.020395478,TRUE,FALSE,FALSE,FALSE
2243,28.56,maltose,7.459,7.569,7.706,8.42,7.483,8.099,7.75,8.201,0.557474119,0.043032418,0.026611802,0.364713831,0.697120334,0.552699372,0.342630823,,0.043032418,0.026611802,,,,,TRUE,FALSE,TRUE,FALSE
2249,28.6,maltose,7.459,7.912,7.62,7.754,7.483,7.975,7.569,7.899,0.702398401,0.858556194,0.044762095,0.98458395,0.748466056,0.489830955,0.823625401,,,0.044762095,,,,,TRUE,FALSE,TRUE,FALSE
2260,28.69,maltose,7.459,8.298,7.849,7.569,8.103,8.1,7.569,8.527,0.176594259,0.816894401,0.144246424,0.711869892,0.846700939,0.793814803,0.046011895,,,,,,,0.046011895,TRUE,FALSE,FALSE,FALSE
2269,28.76,maltose,7.696,7.569,7.518,7.751,7.654,8.179,7.569,7.398,0.558455842,0.089150268,0.326627708,0.065793062,0.466466982,0.568647439,0.036987103,,,,,,,0.036987103,TRUE,FALSE,FALSE,FALSE
2282,28.86,maltose,7.791,7.808,9.306,8.028,8.007,7.743,8.378,8.606,0.988013983,0.012496771,0.251736522,0.767693521,0.347269928,0.429369983,0.119195843,,0.012496771,,,,,,TRUE,FALSE,TRUE,FALSE
2283,28.87,maltose,7.767,7.659,8.193,7.569,7.643,7.777,7.702,8.237,0.650644443,0.177488691,0.84635593,0.581118932,0.048172677,0.801289957,0.164422097,,,,,0.048172677,,,TRUE,FALSE,FALSE,FALSE
2293,28.94,maltose,7.921,8.955,8.901,7.865,7.794,8.118,7.569,8.797,0.402990678,0.658210129,0.203579944,0.506692022,0.298590807,0.285720853,0.019503377,,,,,,,0.019503377,TRUE,FALSE,FALSE,FALSE
2300,29,maltose,8.177,7.569,8.134,7.687,8.326,7.569,7.569,7.548,0.543500648,0.35325615,0.021521306,0.356911743,0.79958467,0.293664679,0.484996301,,,0.021521306,,,,,TRUE,FALSE,TRUE,FALSE
2301,29,maltose,7.936,7.645,7.518,8.031,7.994,7.569,7.569,7.398,0.165806905,0.191666247,0.34866053,0.186892184,0.099742278,0.023895592,0.242051521,,,,,,0.023895592,,TRUE,FALSE,FALSE,FALSE
2307,29.05,maltose,7.459,7.569,7.708,7.569,7.483,7.569,7.569,7.942,0.348577977,0.032531604,0.255883493,0.412838745,0.215887129,0.97260238,0.130705404,,0.032531604,,,,,,TRUE,FALSE,TRUE,FALSE
2320,29.16,cellobiose,7.678,7.747,8.517,7.909,8.012,8.317,7.569,7.398,0.772175201,0.758327815,0.756958373,0.040904204,0.550450005,0.303248385,0.85714036,,,,0.040904204,,,,TRUE,FALSE,FALSE,FALSE
2347,29.38,cellobiose,7.804,7.934,7.518,7.569,7.654,7.569,7.569,7.398,0.118857233,0.036241538,0.937212526,0.427768523,0.326130848,0.710731128,0.988079789,,0.036241538,,,,,,TRUE,FALSE,TRUE,FALSE
2348,29.38,cellobiose,9.167,9.18,9.43,9.084,8.505,8.07,7.569,8.085,0.040533266,0.760654682,0.868495735,0.651484754,0.89493058,0.804055071,0.537207502,0.040533266,,,,,,,TRUE,FALSE,TRUE,FALSE
2355,29.44,cellobiose,8.047,7.598,7.725,8.123,7.654,7.569,7.569,7.51,0.037602083,0.912952792,0.641990222,0.540830759,0.967398359,0.124802162,0.168051563,0.037602083,,,,,,,TRUE,FALSE,TRUE,FALSE
2363,29.51,mannobiose,8.122,8.387,7.518,7.655,7.819,7.569,7.569,7.62,0.128429695,0.04978277,0.773388919,0.152057638,0.402938675,0.842620988,0.579448389,,0.04978277,,,,,,TRUE,FALSE,TRUE,FALSE
2370,29.56,mannobiose,7.471,7.569,7.814,7.792,7.483,7.569,7.569,7.739,0.585937107,0.036356407,0.430200522,0.484394061,0.694197621,0.912211341,0.617058518,,0.036356407,,,,,,TRUE,FALSE,TRUE,FALSE
2375,29.6,mannobiose,8.341,9.759,10.321,8.415,8.887,8.522,8.401,9.409,0.53565748,0.525302318,0.892234173,0.987702343,0.705795694,0.241252521,0.015058822,,,,,,,0.015058822,TRUE,FALSE,FALSE,FALSE
2376,29.6,mannobiose,7.459,8.038,7.641,7.722,7.483,7.569,7.569,7.898,0.543368569,0.435153011,0.024448135,0.248634467,0.51022529,0.542993923,0.127851656,,,0.024448135,,,,,TRUE,FALSE,TRUE,FALSE
2392,29.73,sucrose,8.763,7.693,8.481,7.726,8.246,8.072,7.569,7.718,0.304276321,0.154516106,0.041382969,0.540472725,0.067161812,0.507309748,0.993077636,,,0.041382969,,,,,TRUE,FALSE,TRUE,FALSE
2395,29.75,sucrose,8.657,8.089,10.19,9.006,9.364,9.779,9.241,7.881,0.805857498,0.920484008,0.232924593,0.034601189,0.651130452,0.273618941,0.584182721,,,,0.034601189,,,,TRUE,FALSE,FALSE,FALSE
2396,29.76,sucrose,8.318,7.569,8.289,7.569,8.116,7.985,8.065,7.575,0.952275164,0.457028249,0.028891722,0.675701628,0.341565758,0.741591197,0.679533153,,,0.028891722,,,,,TRUE,FALSE,TRUE,FALSE
2398,29.77,maltose,7.949,7.569,7.613,7.569,7.959,7.731,7.569,7.398,0.908197898,0.049313054,0.123076373,0.489082712,0.930056478,0.463531231,0.616867,,0.049313054,,,,,,TRUE,FALSE,TRUE,FALSE
2403,29.81,maltose,8.539,7.803,8.538,7.72,8.07,8.031,8.11,7.53,0.344828764,0.426533433,0.031885612,0.723569888,0.314251244,0.54177218,0.639618157,,,0.031885612,,,,,TRUE,FALSE,TRUE,FALSE
2405,29.82,maltose,9.845,9.7,8.415,10.903,8.576,8.156,8.412,7.902,0.012110584,0.827953315,0.566995099,0.824843573,0.200661515,0.258690705,0.252828481,0.012110584,,,,,,,TRUE,FALSE,TRUE,FALSE
2406,29.83,maltose,9.312,9.244,8.078,9.91,7.897,8.203,7.986,7.398,0.002386169,0.459980318,0.36426008,0.789808624,0.283329263,0.489199862,0.098504596,0.002386169,,,,,,,TRUE,TRUE,TRUE,TRUE
2411,29.88,maltose,7.968,8.301,7.884,8.757,7.483,7.569,7.569,7.991,0.00625292,0.186635701,0.042207969,0.897487283,0.38940768,0.2718144,0.800702097,0.00625292,,0.042207969,,,,,TRUE,TRUE,TRUE,TRUE
2412,29.88,maltose,7.459,7.971,7.784,8.166,7.607,7.569,7.569,8.09,0.482460232,0.065977214,0.037420759,0.976368679,0.443599366,0.533948488,0.280597956,,,0.037420759,,,,,TRUE,FALSE,TRUE,FALSE
2414,29.9,maltose,7.855,8.456,8.792,7.569,7.575,7.569,7.569,8.131,0.147358698,0.574358962,0.987961244,0.53723401,0.389139778,0.220281219,0.03707034,,,,,,,0.03707034,TRUE,FALSE,FALSE,FALSE
2419,29.94,mannose,8.189,10.503,10.941,9.227,10.738,9.71,8.636,8.174,0.711133113,0.412255136,0.827085329,0.036882741,0.309802038,0.136382955,0.06673661,,,,0.036882741,,,,TRUE,FALSE,FALSE,FALSE
2428,30.02,mannose,7.678,8.873,8.385,9.616,7.654,8.69,7.569,8.375,0.342774052,0.469287275,0.042911503,0.35335834,0.788941621,0.931004924,0.898042149,,,0.042911503,,,,,TRUE,FALSE,TRUE,FALSE
2447,30.17,glycerol,7.532,8.128,9.299,7.483,9.235,8.536,7.441,7.483,0.64880876,0.354270185,0.318785352,0.037813366,0.877600149,0.31195883,0.086417806,,,,0.037813366,,,,TRUE,FALSE,FALSE,FALSE
2449,30.18,glycerol,8.253,7.569,8.843,7.787,9.125,8.355,7.569,7.398,0.846497745,0.250009667,0.071589918,0.03979942,0.642027149,0.906701777,0.523272099,,,,0.03979942,,,,TRUE,FALSE,FALSE,FALSE
2456,30.23,glycerol,9.161,8.502,7.712,9.362,7.654,8.079,7.569,7.692,0.044590458,0.622602944,0.468629901,0.987486611,0.910797161,0.268237169,0.179315282,0.044590458,,,,,,,TRUE,FALSE,TRUE,FALSE
2468,30.33,,7.678,8.539,8.208,7.569,8.013,7.569,7.569,7.934,0.511206221,0.68834341,0.854879441,0.709189429,0.651202752,0.48119586,0.049918694,,,,,,,0.049918694,TRUE,FALSE,FALSE,FALSE
2481,30.43,mannobiose,8.276,7.91,8.567,8.206,8.157,7.569,7.569,7.398,0.036406967,0.838082787,0.136235422,0.203234961,0.939222382,0.694713973,0.687346757,0.036406967,,,,,,,TRUE,FALSE,TRUE,FALSE
2482,30.44,mannobiose,7.551,7.62,7.758,7.882,7.574,7.569,7.569,7.739,0.366224065,0.046906217,0.333723915,0.399671097,0.900966646,0.517076692,0.724943694,,0.046906217,,,,,,TRUE,FALSE,TRUE,FALSE
2496,30.55,mannobiose,7.459,8.135,7.62,7.569,7.483,7.569,7.569,7.739,0.394454465,0.830317952,0.040961108,0.16529215,0.33813476,0.141492423,0.082948831,,,0.040961108,,,,,TRUE,FALSE,TRUE,FALSE
2499,30.58,mannobiose,7.678,8.04,8.256,7.569,7.795,7.569,7.569,7.767,0.328683369,0.905084368,0.658749647,0.936118643,0.823794368,0.338723777,0.049082333,,,,,,,0.049082333,TRUE,FALSE,FALSE,FALSE
2500,30.58,mannobiose,7.459,8.367,8.042,7.569,7.751,7.569,7.569,7.999,0.581193468,0.864416445,0.30062259,0.475655572,0.60907805,0.233864133,0.008806759,,,,,,,0.008806759,TRUE,TRUE,FALSE,FALSE
2503,30.61,mannobiose,7.769,8.378,8.906,7.615,8.333,7.633,7.569,7.915,0.469268567,0.950925099,0.434710794,0.578192183,0.968093581,0.433837815,0.026141216,,,,,,,0.026141216,TRUE,FALSE,FALSE,FALSE
2510,30.66,mannobiose,7.777,7.613,7.969,7.569,7.82,7.569,7.569,7.398,0.198624363,0.420277063,0.020986235,0.189063302,0.782410551,0.679099586,0.444952115,,,0.020986235,,,,,TRUE,FALSE,TRUE,FALSE
2512,30.67,mannobiose,8.479,7.594,9.22,7.839,8.765,7.569,7.569,7.398,0.209940425,0.689094132,0.005352993,0.096794791,0.563202349,0.725450643,0.241950545,,,0.005352993,,,,,TRUE,TRUE,TRUE,TRUE
2514,30.69,mannobiose,8.051,7.776,8.365,7.582,8.197,7.569,7.569,7.398,0.20973935,0.310057492,0.016232678,0.264460551,0.825758316,0.895386937,0.206885038,,,0.016232678,,,,,TRUE,FALSE,TRUE,FALSE
2520,30.73,mannobiose,8.566,7.757,9.238,7.872,8.708,7.569,7.569,7.398,0.146346543,0.628050881,0.01116352,0.162605509,0.601975305,0.807095687,0.267278576,,,0.01116352,,,,,TRUE,FALSE,TRUE,FALSE
2523,30.76,mannobiose,8.644,7.777,9.506,7.914,8.776,7.569,7.569,7.736,0.201217075,0.925416463,0.018265813,0.241707061,0.422647267,0.718930242,0.168223326,,,0.018265813,,,,,TRUE,FALSE,TRUE,FALSE
2525,30.77,mannobiose,7.459,8.189,7.81,7.662,7.591,7.569,7.569,8.131,0.803883697,0.421426909,0.062407886,0.200691923,0.762790853,0.544264829,0.019776827,,,,,,,0.019776827,TRUE,FALSE,FALSE,FALSE
2527,30.79,mannobiose,8.247,7.569,7.518,7.736,8.399,7.569,7.569,7.695,0.870940489,0.112482993,0.096846399,0.925657422,0.728172707,0.023908558,0.939864524,,,,,,0.023908558,,TRUE,FALSE,FALSE,FALSE
2530,30.81,mannobiose,7.459,9.197,8.645,7.908,8.407,7.569,7.569,7.739,0.23449355,0.637879257,0.703414435,0.660469177,0.152522901,0.236332894,0.015192027,,,,,,,0.015192027,TRUE,FALSE,FALSE,FALSE
2533,30.83,mannobiose,7.929,9.77,9.083,8.132,9.394,7.398,7.954,7.654,0.248525586,0.404611954,0.545628203,0.680360012,0.071865571,0.501128426,0.027603961,,,,,,,0.027603961,TRUE,FALSE,FALSE,FALSE
2549,30.95,mannobiose,8.131,7.627,7.518,7.629,8.466,7.847,7.924,7.583,0.234819765,0.034499529,0.047000648,0.746381799,0.431939521,0.194640427,0.626898764,,0.034499529,0.047000648,,,,,TRUE,FALSE,TRUE,FALSE
2567,31.1,lactose,7.557,8.031,8.981,7.569,8.248,7.569,7.569,7.739,0.567653906,0.711049103,0.256403112,0.279656361,0.886024005,0.34230253,0.031575932,,,,,,,0.031575932,TRUE,FALSE,FALSE,FALSE
2600,31.44,,7.678,8.329,7.534,7.569,8.024,8.635,7.569,7.398,0.608636063,0.040235693,0.296192075,0.463754306,0.862753314,0.255517369,0.891200987,,0.040235693,,,,,,TRUE,FALSE,TRUE,FALSE
2601,31.46,,7.678,8.481,7.518,7.569,7.87,7.569,7.569,7.398,0.243017186,0.040516407,0.490154692,0.496105262,0.060673529,0.365533186,0.233767785,,0.040516407,,,,,,TRUE,FALSE,TRUE,FALSE
2623,31.68,,9.188,7.78,7.518,8.28,8.8,7.569,7.569,7.587,0.390142143,0.143900718,0.192700807,0.991657505,0.749396934,0.040309942,0.577088197,,,,,,0.040309942,,TRUE,FALSE,FALSE,FALSE
2629,31.74,,8.007,8.879,7.518,7.569,8.573,7.569,7.569,7.56,0.584157759,0.033655244,0.986730631,0.574175129,0.102159227,0.949376712,0.16054076,,0.033655244,,,,,,TRUE,FALSE,TRUE,FALSE
2631,31.78,,7.503,8.241,7.62,7.569,8.194,7.569,7.569,8.153,0.375747689,0.556470708,0.416604517,0.457411146,0.232528002,0.682156874,0.013309585,,,,,,,0.013309585,TRUE,FALSE,FALSE,FALSE
2633,31.81,,7.836,8.503,8.747,7.864,8.661,7.569,7.569,8.148,0.61237195,0.927773451,0.586043786,0.647910902,0.658685109,0.974427965,0.025671236,,,,,,,0.025671236,TRUE,FALSE,FALSE,FALSE
2634,31.82,,7.678,7.822,8.647,7.569,8.199,7.569,7.569,8.043,0.947802644,0.597734835,0.316499185,0.54855417,0.627143473,0.834948885,0.046765975,,,,,,,0.046765975,TRUE,FALSE,FALSE,FALSE
2636,31.86,,8.69,7.986,8.953,7.569,8.871,7.569,7.569,7.555,0.355542345,0.314815184,0.032002388,0.549057388,0.720366665,0.75214551,0.224304471,,,0.032002388,,,,,TRUE,FALSE,TRUE,FALSE
2644,31.93,,8.39,7.569,7.518,7.609,8.149,7.569,7.569,7.398,0.487468536,0.02705494,0.034424946,0.875439611,0.988174969,0.073815851,0.497500182,,0.02705494,0.034424946,,,,,TRUE,FALSE,TRUE,FALSE
2650,31.99,,8.374,7.823,7.746,8.402,7.654,7.569,7.569,7.592,0.04593256,0.930481507,0.94725665,0.980186503,0.938797678,0.180602853,0.282323591,0.04593256,,,,,,,TRUE,FALSE,TRUE,FALSE
2672,32.2,,7.849,7.84,7.576,7.727,8.526,7.569,7.569,7.418,0.868698109,0.041578861,0.158841213,0.287908842,0.06696622,0.193626381,0.366287799,,0.041578861,,,,,,TRUE,FALSE,TRUE,FALSE
2673,32.21,,7.678,7.569,7.518,7.569,8.16,7.569,7.569,7.398,0.392762113,0.03832657,0.058515799,0.158995577,0.099294527,0.201849677,0.555272125,,0.03832657,,,,,,TRUE,FALSE,TRUE,FALSE
2675,32.24,,7.678,7.872,7.518,7.772,8.171,7.569,7.569,7.398,0.845074291,0.109931391,0.604902966,0.348867419,0.046909922,0.44762869,0.551941083,,,,,0.046909922,,,TRUE,FALSE,FALSE,FALSE
2679,32.31,galactopyranose,7.678,7.893,7.518,7.795,8.258,7.569,7.569,7.398,0.907749324,0.077246412,0.542409379,0.265234942,0.024005352,0.358099034,0.450966708,,,,,0.024005352,,,TRUE,FALSE,FALSE,FALSE
2691,32.53,galactopyranose,7.791,7.776,7.518,7.569,7.661,7.569,7.569,7.398,0.140921014,0.026686718,0.545022485,0.595539657,0.406864606,0.989011471,0.678296927,,0.026686718,,,,,,TRUE,FALSE,TRUE,FALSE
2697,32.65,galactopyranose,7.678,7.98,7.518,7.569,7.654,7.569,7.569,7.398,0.159031626,0.046953319,0.699455119,0.542489424,0.14143472,0.411209573,0.692400233,,0.046953319,,,,,,TRUE,FALSE,TRUE,FALSE
2702,32.79,galactopyranose,7.678,7.705,7.518,7.569,8.007,7.569,7.569,7.398,0.871271883,0.041520246,0.23126658,0.428680418,0.109960939,0.527059086,0.581909991,,0.041520246,,,,,,TRUE,FALSE,TRUE,FALSE
2736,33.35,galactopyranose,7.781,7.569,7.518,7.569,7.922,7.569,7.569,7.398,0.988652394,0.048827842,0.086065004,0.496980532,0.378699687,0.274071215,0.843763761,,0.048827842,,,,,,TRUE,FALSE,TRUE,FALSE
2740,33.44,,7.732,7.569,7.518,7.569,7.923,7.569,7.569,7.398,0.885943989,0.042297216,0.079810106,0.370804312,0.264827865,0.28257882,0.934233935,,0.042297216,,,,,,TRUE,FALSE,TRUE,FALSE
2742,33.5,,8.053,7.755,7.518,7.569,8.308,7.569,7.569,7.398,0.913028163,0.042869723,0.137125657,0.809602032,0.390629686,0.267016585,0.786129741,,0.042869723,,,,,,TRUE,FALSE,TRUE,FALSE
2745,33.54,,7.785,7.569,7.518,7.569,8.009,7.569,7.569,7.398,0.842237004,0.040333704,0.066752224,0.40653938,0.297548121,0.219849368,0.9940055,,0.040333704,,,,,,TRUE,FALSE,TRUE,FALSE
2768,34.2,cholesterol,7.829,7.784,7.518,7.569,8.069,7.569,7.569,7.398,0.821246373,0.021824178,0.19426646,0.735479911,0.177395396,0.425359825,0.652912341,,0.021824178,,,,,,TRUE,FALSE,TRUE,FALSE
2784,34.71,cholesterol,7.678,8.12,7.518,7.569,7.654,7.569,7.569,7.398,0.135172663,0.047892048,0.507768327,0.431588897,0.11673318,0.314653094,0.530754804,,0.047892048,,,,,,TRUE,FALSE,TRUE,FALSE
